,City,Date,lat,lon,AQI,CO,NO,NO2,O3,SO2,PM25,PM10,NH3,Population,Year,Month,Day,Hour,Minute
0,Aguilar,1626958800,37.4036,-104.655,1,201.94,0.01,2.01,42.2,0.03,5.68,6.39,1.66,480,2021,7,22,13,0
1,Akron,1626958800,40.1633,-103.2203,1,195.27,0.02,1.11,55.79,0.09,5.73,7.24,2.06,"1,723",2021,7,22,13,0
2,Alamosa,1626958800,37.4753,-105.8769,1,150.2,0.39,3.3,2.64,0.01,5.33,5.51,1.17,"9,591",2021,7,22,13,0
3,Alma,1626958800,39.2858,-106.0669,1,185.25,0.02,1.18,36.12,0.11,7.5,7.81,0.21,313,2021,7,22,13,0
4,Antonito,1626958800,37.0761,-106.0103,1,170.23,0.02,0.75,15.2,0.02,6.27,6.47,0.75,747,2021,7,22,13,0
5,Arriba,1626958800,39.2844,-103.2742,1,190.26,0.01,1.22,61.51,0.13,6.57,10.35,1.82,207,2021,7,22,13,0
6,Arvada,1626958800,39.8319,-105.1511,1,240.33,0.22,6.86,18.06,0.15,5.28,5.86,0.78,"121,272",2021,7,22,13,0
7,Aspen,1626958800,39.195,-106.8367,1,171.9,0.01,0.74,23.25,0.05,4.63,4.84,2.09,"7,401",2021,7,22,13,0
8,Ault,1626958800,40.5892,-104.7392,1,230.31,0.08,4.16,19.67,0.16,7.35,7.84,3.52,"1,871",2021,7,22,13,0
9,Aurora,1626958800,39.7083,-104.7239,2,283.72,0.67,21.59,13.05,2.8,15.41,16.28,1.22,"379,289",2021,7,22,13,0
10,Avon,1626958800,39.6442,-106.5131,1,166.89,0.19,5.36,7.69,0.05,4.58,4.97,2.47,"6,511",2021,7,22,13,0
11,Basalt,1626958800,39.3664,-107.0414,1,166.89,0.18,3.17,3.13,0.0,4.96,5.34,0.45,"4,157",2021,7,22,13,0
12,Bayfield,1626958800,37.2342,-107.5953,1,168.56,0.01,0.5,16.27,0.01,3.38,3.72,0.34,"2,689",2021,7,22,13,0
13,Bennett,1626958800,39.7367,-104.4286,2,250.34,0.06,7.97,37.91,1.24,14.85,15.63,1.16,"2,798",2021,7,22,13,0
14,Berthoud,1626958800,40.3072,-105.0425,1,180.24,0.13,2.79,10.64,0.02,3.62,4.26,0.92,"9,094",2021,7,22,13,0
15,Bethune,1626958800,39.3039,-102.4233,1,201.94,0.02,1.08,69.38,0.4,6.67,6.77,1.92,235,2021,7,22,13,0
16,Black Hawk,1626958800,39.8042,-105.495,1,195.27,0.01,0.83,31.83,0.05,6.27,6.67,0.07,128,2021,7,22,13,0
17,Blanca,1626958800,37.4392,-105.5136,1,210.29,0.03,4.41,35.41,0.06,5.7,6.03,5.7,406,2021,7,22,13,0
18,Blue River,1626958800,39.4358,-106.0353,2,185.25,0.05,4.5,27.54,0.28,10.65,11.13,0.29,921,2021,7,22,13,0
19,Bonanza,1626958800,38.2967,-106.1419,1,181.91,0.0,0.56,36.84,0.12,7.42,7.91,0.95,19,2021,7,22,13,0
20,Boone,1626958800,38.2494,-104.2581,1,190.26,0.01,1.25,45.06,0.03,8.05,19.84,2.06,367,2021,7,22,13,0
21,Boulder,1626958800,40.0247,-105.2525,1,216.96,0.01,0.68,41.49,0.09,3.98,4.34,0.21,"105,673",2021,7,22,13,0
22,Bow Mar,1626958800,39.6253,-105.0511,1,230.31,0.05,3.81,40.05,0.18,8.59,9.23,0.44,942,2021,7,22,13,0
23,Branson,1626958800,37.0156,-103.8839,1,188.59,0.01,1.41,52.93,0.03,6.16,8.17,2.15,72,2021,7,22,13,0
24,Breckenridge,1626958800,39.4994,-106.0433,2,185.25,0.05,4.5,27.54,0.28,10.65,11.13,0.29,"4,945",2021,7,22,13,0
25,Brighton,1626958800,39.9717,-104.7964,1,257.02,1.12,14.74,4.2,0.51,8.14,9.18,3.71,"41,554",2021,7,22,13,0
26,Brookside,1626958800,38.4136,-105.1908,2,206.95,0.01,1.46,25.39,0.11,13.18,13.65,0.9,262,2021,7,22,13,0
27,Broomfield,1626958800,39.9542,-105.0528,1,240.33,0.22,6.86,18.06,0.15,5.28,5.86,0.78,"70,465",2021,7,22,13,0
28,Brush,1626958800,40.26,-103.6322,2,226.97,0.2,5.57,23.25,0.05,13.82,14.64,5.51,"5,420",2021,7,22,13,0
29,Buena Vista,1626958800,38.8319,-106.1386,1,176.91,0.02,1.23,21.28,0.03,5.33,5.53,0.09,"2,866",2021,7,22,13,0
30,Burlington,1626958800,39.3042,-102.2714,1,205.28,0.01,1.01,70.1,0.48,6.61,6.71,1.87,"3,140",2021,7,22,13,0
31,Calhan,1626958800,39.0344,-104.2994,1,200.27,0.01,1.59,57.94,0.15,8.58,12.68,1.87,834,2021,7,22,13,0
32,Campo,1626958800,37.1047,-102.5789,1,183.58,0.01,0.62,79.39,0.06,5.58,5.7,1.6,102,2021,7,22,13,0
33,Caâ€“on City,1626958800,38.4431,-105.2203,2,195.27,0.03,1.91,16.45,0.04,10.23,10.54,0.96,"16,725",2021,7,22,13,0
34,Carbonate,1626958800,39.7442,-107.3392,1,170.23,0.0,0.55,21.99,0.01,4.42,5.06,0.86,0,2021,7,22,13,0
35,Carbondale,1626958800,39.395,-107.2147,1,148.54,0.03,1.67,7.06,0.01,2.55,3.0,1.98,"6,898",2021,7,22,13,0
36,Castle Pines,1626958800,39.4625,-104.8706,2,280.38,2.65,12.34,6.44,0.6,14.46,15.17,0.92,"10,763",2021,7,22,13,0
37,Castle Rock,1626958800,39.3761,-104.8536,2,226.97,0.02,1.35,23.25,0.06,16.19,16.57,0.47,"68,484",2021,7,22,13,0
38,Cedaredge,1626958800,38.8942,-107.9256,1,183.58,0.01,1.44,21.82,0.03,3.6,4.01,1.16,"2,295",2021,7,22,13,0
39,Centennial,1626958800,39.5925,-104.8672,2,280.38,2.65,12.34,6.44,0.6,14.46,15.17,0.92,"110,937",2021,7,22,13,0
40,Center,1626958800,37.7511,-106.1106,1,151.87,0.35,3.17,2.91,0.01,5.62,5.89,3.17,"2,264",2021,7,22,13,0
41,Central City,1626958800,39.7947,-105.5119,1,210.29,0.01,1.02,48.64,0.11,8.62,9.07,0.13,770,2021,7,22,13,0
42,Cheraw,1626958800,38.1075,-103.5111,1,195.27,0.02,1.74,52.21,0.04,8.29,19.74,2.82,249,2021,7,22,13,0
43,Cherry Hills Village,1626958800,39.6375,-104.9481,2,327.11,4.41,23.31,5.72,1.83,11.47,12.41,1.31,"6,647",2021,7,22,13,0
44,Cheyenne Wells,1626958800,38.8192,-102.3519,1,206.95,0.01,0.92,68.67,0.48,6.62,6.71,1.6,828,2021,7,22,13,0
45,Coal Creek,1626958800,38.3622,-105.1422,2,203.61,0.02,2.42,21.64,0.06,14.41,14.94,2.09,350,2021,7,22,13,0
46,Cokedale,1626958800,37.1442,-104.6217,1,151.87,0.02,1.56,17.7,0.0,6.29,9.27,0.6,120,2021,7,22,13,0
47,Collbran,1626958800,39.24,-107.9636,1,160.22,0.23,3.73,5.81,0.01,2.19,2.53,3.2,698,2021,7,22,13,0
48,Colorado Springs,1626958800,38.8675,-104.7606,2,223.64,0.16,8.82,37.91,0.28,10.48,11.44,2.0,"478,221",2021,7,22,13,0
49,Columbine Valley,1626958800,39.5994,-105.0353,2,220.3,0.15,3.77,25.39,0.11,12.71,13.38,0.44,"1,499",2021,7,22,13,0
50,Commerce City,1626958800,39.8642,-104.8431,1,250.34,1.87,12.51,4.34,0.22,4.43,5.17,2.34,"60,336",2021,7,22,13,0
51,Cortez,1626958800,37.3503,-108.5767,1,180.24,0.01,1.39,18.24,0.03,3.18,3.53,0.64,"8,736",2021,7,22,13,0
52,Craig,1626958800,40.5169,-107.5553,1,193.6,0.01,1.65,24.68,0.63,3.65,4.04,1.09,"9,022",2021,7,22,13,0
53,Crawford,1626958800,38.705,-107.6097,1,171.9,0.01,1.48,12.34,0.01,3.07,3.37,1.76,433,2021,7,22,13,0
54,Creede,1626958800,37.8486,-106.9253,1,163.56,0.01,0.54,19.85,0.03,4.45,4.58,0.14,313,2021,7,22,13,0
55,Crested Butte,1626958800,38.8675,-106.9772,1,178.58,0.0,0.39,35.05,0.08,5.61,5.85,2.22,"1,723",2021,7,22,13,0
56,Crestone,1626958800,37.9944,-105.6961,1,176.91,0.01,1.46,25.75,0.07,9.52,10.09,4.56,140,2021,7,22,13,0
57,Cripple Creek,1626958800,38.7467,-105.185,2,208.62,0.02,1.86,28.97,0.09,14.03,14.71,0.42,"1,258",2021,7,22,13,0
58,Crook,1626958800,40.8589,-102.8014,1,190.26,0.09,2.74,39.34,0.06,7.51,7.91,3.42,109,2021,7,22,13,0
59,Crowley,1626958800,38.1936,-103.8597,2,198.6,0.01,1.37,55.08,0.05,10.08,29.21,2.69,175,2021,7,22,13,0
60,Dacono,1626958800,40.0622,-104.9478,1,213.62,0.3,6.77,9.57,0.08,4.29,4.99,3.39,"6,034",2021,7,22,13,0
61,De Beque,1626958800,39.3103,-108.205,1,203.61,0.0,1.67,26.11,0.07,2.71,3.12,4.69,518,2021,7,22,13,0
62,Deer Trail,1626958800,39.615,-104.0433,1,213.62,0.02,2.72,51.5,0.1,9.21,10.67,2.09,800,2021,7,22,13,0
63,Del Norte,1626958800,37.6783,-106.3539,1,156.88,0.05,1.59,6.8,0.01,5.15,5.37,0.84,"1,568",2021,7,22,13,0
64,Delta,1626958800,38.7561,-108.0772,1,213.62,0.01,1.82,22.35,0.05,3.52,3.82,2.5,"8,995",2021,7,22,13,0
65,Denver,1626958800,39.7619,-104.8761,2,327.11,4.41,23.31,5.72,1.83,11.47,12.41,1.31,"727,211",2021,7,22,13,0
66,Dillon,1626958800,39.6214,-106.0394,2,161.89,0.03,1.63,11.27,0.05,10.11,10.64,0.06,967,2021,7,22,13,0
67,Dinosaur,1626958800,40.2397,-109.0067,1,205.28,0.0,0.98,35.76,0.02,1.52,6.71,2.85,332,2021,7,22,13,0
68,Dolores,1626958800,37.4742,-108.5,1,163.56,0.01,0.9,17.35,0.04,2.79,3.15,1.95,955,2021,7,22,13,0
69,Dove Creek,1626958800,37.7669,-108.9072,1,208.62,0.0,0.95,34.69,0.16,3.99,5.52,1.58,634,2021,7,22,13,0
70,Durango,1626958800,37.2658,-107.8783,1,160.22,0.01,0.46,15.02,0.02,2.67,2.9,0.14,"18,973",2021,7,22,13,0
71,Eads,1626958800,38.4814,-102.7797,1,191.93,0.01,0.9,68.67,0.25,6.62,6.89,1.79,602,2021,7,22,13,0
72,Eagle,1626958800,39.6367,-106.8125,1,135.18,0.16,2.46,6.17,0.01,3.6,3.95,0.62,"6,986",2021,7,22,13,0
73,Eaton,1626958800,40.5256,-104.7131,1,230.31,0.08,4.16,19.67,0.16,7.35,7.84,3.52,"5,738",2021,7,22,13,0
74,Eckley,1626958800,40.1122,-102.4883,1,195.27,0.01,1.0,67.23,0.22,6.26,6.41,2.34,258,2021,7,22,13,0
75,Edgewater,1626958800,39.7508,-105.0625,1,230.31,0.05,3.81,40.05,0.18,8.59,9.23,0.44,"5,335",2021,7,22,13,0
76,Elizabeth,1626958800,39.3589,-104.6194,2,236.99,0.02,2.66,40.05,0.16,15.76,16.22,0.72,"1,566",2021,7,22,13,0
77,Empire,1626958800,39.7594,-105.6822,2,191.93,0.01,0.86,43.27,0.14,10.16,10.6,0.15,304,2021,7,22,13,0
78,Englewood,1626958800,39.6467,-104.9942,2,327.11,4.41,23.31,5.72,1.83,11.47,12.41,1.31,"34,917",2021,7,22,13,0
79,Erie,1626958800,40.0403,-105.04,1,220.3,0.05,3.47,23.6,0.05,3.06,3.46,0.81,"27,003",2021,7,22,13,0
80,Estes Park,1626958800,40.37,-105.5217,1,180.24,0.04,1.65,20.39,0.02,3.99,4.28,0.1,"6,426",2021,7,22,13,0
81,Evans,1626958800,40.3661,-104.7389,1,240.33,0.3,7.28,11.62,0.14,8.3,9.01,3.86,"21,205",2021,7,22,13,0
82,Fairplay,1626958800,39.2244,-105.9967,1,178.58,0.02,1.26,28.97,0.13,9.92,10.27,0.06,787,2021,7,22,13,0
83,Federal Heights,1626958800,39.865,-105.0156,1,240.33,0.22,6.86,18.06,0.15,5.28,5.86,0.78,"12,827",2021,7,22,13,0
84,Firestone,1626958800,40.1564,-104.9494,1,213.62,0.3,6.77,9.57,0.08,4.29,4.99,3.39,"16,177",2021,7,22,13,0
85,Flagler,1626958800,39.2947,-103.0758,1,190.26,0.01,1.19,64.37,0.17,6.51,8.54,1.84,549,2021,7,22,13,0
86,Fleming,1626958800,40.6819,-102.8397,1,196.93,0.07,2.72,45.42,0.06,6.4,6.62,3.33,404,2021,7,22,13,0
87,Florence,1626958800,38.3836,-105.1114,2,203.61,0.02,2.42,21.64,0.06,14.41,14.94,2.09,"3,944",2021,7,22,13,0
88,Fort Collins,1626958800,40.5475,-105.0656,1,185.25,0.14,2.72,13.95,0.08,4.08,4.57,1.49,"170,243",2021,7,22,13,0
89,Fort Lupton,1626958800,40.0828,-104.8069,1,213.62,0.3,6.77,9.57,0.08,4.29,4.99,3.39,"8,317",2021,7,22,13,0
90,Fort Morgan,1626958800,40.2536,-103.7903,2,226.97,0.2,5.57,23.25,0.05,13.82,14.64,5.51,"11,463",2021,7,22,13,0
91,Fountain,1626958800,38.6883,-104.6828,2,253.68,0.2,14.57,35.05,1.03,10.2,11.85,2.15,"30,735",2021,7,22,13,0
92,Fowler,1626958800,38.1306,-104.0264,2,195.27,0.02,1.61,47.21,0.1,9.51,26.55,2.22,"1,141",2021,7,22,13,0
93,Foxfield,1626958800,39.5881,-104.7858,2,263.69,0.23,10.37,26.46,0.94,17.16,17.76,0.88,782,2021,7,22,13,0
94,Fraser,1626958800,39.9303,-105.8031,1,163.56,0.06,2.14,10.64,0.03,7.03,7.45,0.35,"1,326",2021,7,22,13,0
95,Frederick,1626958800,40.1089,-104.97,1,213.62,0.3,6.77,9.57,0.08,4.29,4.99,3.39,"13,960",2021,7,22,13,0
96,Frisco,1626958800,39.5792,-106.0917,2,185.25,0.05,4.5,27.54,0.28,10.65,11.13,0.29,"3,174",2021,7,22,13,0
97,Fruita,1626958800,39.1547,-108.7306,1,236.99,0.01,3.68,31.47,0.16,2.01,2.5,2.79,"13,478",2021,7,22,13,0
98,Garden City,1626958800,40.3947,-104.6894,1,240.33,0.3,7.28,11.62,0.14,8.3,9.01,3.86,267,2021,7,22,13,0
99,Genoa,1626958800,39.2783,-103.4986,1,190.26,0.01,1.52,58.65,0.11,6.45,11.38,1.92,148,2021,7,22,13,0
100,Georgetown,1626958800,39.7181,-105.6942,2,191.93,0.01,0.86,43.27,0.14,10.16,10.6,0.15,"1,112",2021,7,22,13,0
101,Gilcrest,1626958800,40.2842,-104.7819,1,240.33,0.3,7.28,11.62,0.14,8.3,9.01,3.86,"1,106",2021,7,22,13,0
102,Glendale,1626958800,39.7036,-104.9353,2,327.11,4.41,23.31,5.72,1.83,11.47,12.41,1.31,"5,141",2021,7,22,13,0
103,Glenwood Springs,1626958800,39.5456,-107.3347,1,170.23,0.15,4.5,10.46,0.01,4.4,4.83,1.25,"9,930",2021,7,22,13,0
104,Golden,1626958800,39.7406,-105.2119,1,213.62,0.01,1.36,46.49,0.11,8.01,8.53,0.23,"20,767",2021,7,22,13,0
105,Granada,1626958800,38.0631,-102.3117,1,196.93,0.01,0.91,71.53,0.17,6.42,6.5,2.09,503,2021,7,22,13,0
106,Granby,1626958800,40.0647,-105.9194,1,160.22,0.24,2.79,4.6,0.01,4.57,4.92,0.07,"2,139",2021,7,22,13,0
107,Grand Junction,1626958800,39.0878,-108.5675,1,233.65,0.0,1.41,48.64,0.31,2.72,3.29,1.82,"63,597",2021,7,22,13,0
108,Grand Lake,1626958800,40.2503,-105.8231,1,170.23,0.01,1.01,22.89,0.11,4.49,4.8,0.73,506,2021,7,22,13,0
109,Greeley,1626958800,40.415,-104.7706,1,230.31,0.08,4.16,19.67,0.16,7.35,7.84,3.52,"108,649",2021,7,22,13,0
110,Green Mountain Falls,1626958800,38.9344,-105.0239,2,220.3,0.01,1.09,41.49,0.26,15.44,16.39,0.21,722,2021,7,22,13,0
111,Greenwood Village,1626958800,39.6153,-104.9131,2,327.11,4.41,23.31,5.72,1.83,11.47,12.41,1.31,"15,735",2021,7,22,13,0
112,Grover,1626958800,40.8692,-104.2258,1,236.99,0.09,3.21,28.97,0.41,8.81,9.17,2.82,153,2021,7,22,13,0
113,Gunnison,1626958800,38.5481,-106.9247,1,160.22,0.07,1.13,6.88,0.0,4.25,4.36,0.23,"6,640",2021,7,22,13,0
114,Gypsum,1626958800,39.6286,-106.935,1,135.18,0.16,2.46,6.17,0.01,3.6,3.95,0.62,"7,375",2021,7,22,13,0
115,Hartman,1626958800,38.1211,-102.2217,1,196.93,0.01,0.91,71.53,0.17,6.42,6.5,2.09,75,2021,7,22,13,0
116,Haswell,1626958800,38.4525,-103.165,1,186.92,0.01,1.05,63.66,0.19,6.8,9.41,1.85,68,2021,7,22,13,0
117,Haxtun,1626958800,40.6419,-102.6297,1,195.27,0.04,1.84,50.78,0.06,5.88,6.04,2.82,904,2021,7,22,13,0
118,Hayden,1626958800,40.485,-107.2392,1,175.24,0.03,1.84,12.34,0.1,3.83,4.21,0.77,"1,979",2021,7,22,13,0
119,Hillrose,1626958800,40.3244,-103.5222,1,205.28,0.09,4.67,35.05,0.04,8.27,8.95,5.13,260,2021,7,22,13,0
120,Holly,1626958800,38.0553,-102.1247,1,208.62,0.01,0.78,69.38,0.17,6.11,6.18,2.03,774,2021,7,22,13,0
121,Holyoke,1626958800,40.5819,-102.2975,1,200.27,0.02,1.08,67.23,0.21,6.34,6.43,2.41,"2,208",2021,7,22,13,0
122,Hooper,1626958800,37.7461,-105.8778,1,146.87,0.27,2.79,2.62,0.01,5.6,5.86,3.2,100,2021,7,22,13,0
123,Hot Sulphur Springs,1626958800,40.075,-106.1031,1,136.85,0.26,2.53,1.88,0.0,3.54,3.8,0.09,733,2021,7,22,13,0
124,Hotchkiss,1626958800,38.7989,-107.7133,1,171.9,0.01,1.48,12.34,0.01,3.07,3.37,1.76,928,2021,7,22,13,0
125,Hudson,1626958800,40.09,-104.6208,1,226.97,0.28,7.37,6.71,0.06,6.3,7.17,3.96,"2,767",2021,7,22,13,0
126,Hugo,1626958800,39.1361,-103.4731,1,186.92,0.03,2.21,48.64,0.08,6.36,8.79,2.41,777,2021,7,22,13,0
127,Idaho Springs,1626958800,39.7444,-105.5,1,210.29,0.01,1.02,48.64,0.11,8.62,9.07,0.13,"1,786",2021,7,22,13,0
128,Ignacio,1626958800,37.1181,-107.6375,1,171.9,0.09,2.27,7.69,0.02,3.47,4.07,0.5,908,2021,7,22,13,0
129,Iliff,1626958800,40.7592,-103.0661,1,200.27,0.19,4.54,27.18,0.04,8.6,9.29,4.75,268,2021,7,22,13,0
130,Jamestown,1626958800,40.1183,-105.3917,1,216.96,0.01,0.68,41.49,0.09,3.98,4.34,0.21,249,2021,7,22,13,0
131,Johnstown,1626958800,40.3497,-104.9483,1,216.96,0.26,6.94,14.31,0.21,4.79,5.43,2.09,"15,198",2021,7,22,13,0
132,Julesburg,1626958800,40.985,-102.2628,1,200.27,0.03,1.76,60.8,0.14,6.16,6.27,2.22,"1,152",2021,7,22,13,0
133,Keenesburg,1626958800,40.1328,-104.5381,2,313.76,0.83,15.08,4.65,0.12,15.33,17.1,5.07,"1,237",2021,7,22,13,0
134,Kersey,1626958800,40.3908,-104.5794,2,267.03,0.77,9.25,5.63,0.05,10.78,12.83,5.83,"1,681",2021,7,22,13,0
135,Kim,1626958800,37.2469,-103.3533,1,191.93,0.01,0.68,65.09,0.05,5.56,6.32,1.93,70,2021,7,22,13,0
136,Kiowa,1626958800,39.3436,-104.4578,2,223.64,0.01,1.89,60.08,0.25,11.29,11.9,0.93,761,2021,7,22,13,0
137,Kit Carson,1626958800,38.7628,-102.7953,1,198.6,0.01,0.96,68.67,0.32,6.85,7.06,1.68,231,2021,7,22,13,0
138,Kremmling,1626958800,40.0567,-106.3783,1,198.6,0.0,1.15,35.41,0.06,1.69,1.86,0.29,"1,524",2021,7,22,13,0
139,La Jara,1626958800,37.2736,-105.9597,1,161.89,0.14,3.51,6.26,0.02,6.06,6.29,4.69,817,2021,7,22,13,0
140,La Junta,1626958800,37.9792,-103.5472,2,205.28,0.06,3.64,39.34,0.18,10.29,21.2,3.2,"6,881",2021,7,22,13,0
141,La Veta,1626958800,37.5086,-105.0086,1,190.26,0.01,1.18,41.49,0.03,5.77,6.19,0.5,811,2021,7,22,13,0
142,Lafayette,1626958800,39.9947,-105.0997,1,240.33,0.22,6.86,18.06,0.15,5.28,5.86,0.78,"30,687",2021,7,22,13,0
143,Lake City,1626958800,38.03,-107.3106,1,170.23,0.01,0.43,18.42,0.02,3.59,3.74,0.15,394,2021,7,22,13,0
144,Lakeside,1626958800,39.7803,-105.0578,1,230.31,0.05,3.81,40.05,0.18,8.59,9.23,0.44,8,2021,7,22,13,0
145,Lakewood,1626958800,39.6978,-105.1172,1,230.31,0.05,3.81,40.05,0.18,8.59,9.23,0.44,"157,935",2021,7,22,13,0
146,Lamar,1626958800,38.0739,-102.6153,1,190.26,0.01,1.19,63.66,0.11,6.41,8.02,2.0,"7,655",2021,7,22,13,0
147,Larkspur,1626958800,39.2319,-104.8922,2,226.97,0.02,1.35,23.25,0.06,16.19,16.57,0.47,212,2021,7,22,13,0
148,Las Animas,1626958800,38.0694,-103.2236,1,196.93,0.01,1.27,58.65,0.05,7.85,16.62,2.25,"2,165",2021,7,22,13,0
149,LaSalle,1626958800,40.3483,-104.7061,1,240.33,0.3,7.28,11.62,0.14,8.3,9.01,3.86,"2,342",2021,7,22,13,0
150,Leadville,1626958800,39.2472,-106.2933,1,173.57,0.12,4.5,23.25,0.16,8.1,8.44,1.38,"2,868",2021,7,22,13,0
151,Limon,1626958800,39.2653,-103.6856,1,186.92,0.02,1.56,54.36,0.09,6.22,11.73,2.09,"1,952",2021,7,22,13,0
152,Littleton,1626958800,39.5914,-105.0189,2,220.3,0.15,3.77,25.39,0.11,12.71,13.38,0.44,"48,065",2021,7,22,13,0
153,Lochbuie,1626958800,40.0117,-104.7272,1,226.97,0.28,7.37,6.71,0.06,6.3,7.17,3.96,"7,304",2021,7,22,13,0
154,Log Lane Village,1626958800,40.2697,-103.8289,2,270.37,0.1,5.44,31.11,0.19,18.35,19.35,4.43,849,2021,7,22,13,0
155,Lone Tree,1626958800,39.5308,-104.8708,2,280.38,2.65,12.34,6.44,0.6,14.46,15.17,0.92,"13,082",2021,7,22,13,0
156,Longmont,1626958800,40.1686,-105.1006,1,220.3,0.05,3.47,23.6,0.05,3.06,3.46,0.81,"97,261",2021,7,22,13,0
157,Louisville,1626958800,39.9711,-105.1442,1,240.33,0.22,6.86,18.06,0.15,5.28,5.86,0.78,"20,816",2021,7,22,13,0
158,Loveland,1626958800,40.4167,-105.0622,1,185.25,0.14,2.72,13.95,0.08,4.08,4.57,1.49,"78,877",2021,7,22,13,0
159,Lyons,1626958800,40.2231,-105.2692,1,186.92,0.04,1.63,18.6,0.02,3.5,3.89,0.22,"2,189",2021,7,22,13,0
160,Manassa,1626958800,37.1739,-105.9372,1,165.22,0.08,1.52,7.51,0.01,5.89,6.1,1.08,"1,001",2021,7,22,13,0
161,Mancos,1626958800,37.3467,-108.2939,1,196.93,0.01,1.07,33.62,0.09,4.01,4.48,0.58,"1,430",2021,7,22,13,0
162,Manitou Springs,1626958800,38.8575,-104.9128,2,210.29,0.01,1.16,39.34,0.12,14.09,14.76,0.45,"5,390",2021,7,22,13,0
163,Manzanola,1626958800,38.1089,-103.8667,2,198.6,0.01,1.37,55.08,0.05,10.08,29.21,2.69,417,2021,7,22,13,0
164,Marble,1626958800,39.0717,-107.1908,1,165.22,0.02,1.65,14.48,0.04,4.28,4.74,2.25,134,2021,7,22,13,0
165,Mead,1626958800,40.2317,-104.9911,1,216.96,0.26,6.94,14.31,0.21,4.79,5.43,2.09,"4,731",2021,7,22,13,0
166,Meeker,1626958800,40.05,-107.8947,1,188.59,0.0,0.78,27.9,0.03,2.32,2.72,1.38,"2,252",2021,7,22,13,0
167,Merino,1626958800,40.4836,-103.3536,1,206.95,0.12,4.03,36.48,0.05,9.53,10.24,4.56,281,2021,7,22,13,0
168,Milliken,1626958800,40.3114,-104.8561,1,216.96,0.26,6.94,14.31,0.21,4.79,5.43,2.09,"8,164",2021,7,22,13,0
169,Minturn,1626958800,39.5461,-106.3869,1,170.23,0.32,6.08,11.8,0.09,8.95,9.41,0.61,"1,145",2021,7,22,13,0
170,Moffat,1626958800,38.0028,-105.9064,1,191.93,0.01,1.11,30.04,0.08,6.24,6.64,1.11,119,2021,7,22,13,0
171,Monte Vista,1626958800,37.5789,-106.15,1,170.23,0.11,2.96,9.84,0.02,6.14,6.35,3.04,"4,138",2021,7,22,13,0
172,Montezuma,1626958800,39.5814,-105.8678,2,195.27,0.08,4.24,33.98,0.4,13.59,14.09,0.3,74,2021,7,22,13,0
173,Montrose,1626958800,38.4689,-107.8589,1,188.59,0.07,2.87,8.94,0.01,2.17,2.34,4.24,"19,782",2021,7,22,13,0
174,Monument,1626958800,39.0736,-104.8467,2,220.3,0.01,1.0,38.62,0.16,16.34,16.96,0.32,"8,097",2021,7,22,13,0
175,Morrison,1626958800,39.6369,-105.2006,1,213.62,0.01,1.36,46.49,0.11,8.01,8.53,0.23,424,2021,7,22,13,0
176,Mount Crested Butte,1626958800,38.9083,-106.9606,1,178.58,0.0,0.39,35.05,0.08,5.61,5.85,2.22,876,2021,7,22,13,0
177,Mountain View,1626958800,39.7747,-105.0567,1,230.31,0.05,3.81,40.05,0.18,8.59,9.23,0.44,537,2021,7,22,13,0
178,Mountain Village,1626958800,37.9325,-107.8578,1,181.91,0.02,1.8,23.25,0.03,4.31,4.53,0.59,"1,426",2021,7,22,13,0
179,Naturita,1626958800,38.2183,-108.5667,1,208.62,0.01,1.07,24.68,0.08,2.14,2.33,1.87,532,2021,7,22,13,0
180,Nederland,1626958800,39.9633,-105.5072,1,195.27,0.01,0.83,31.83,0.05,6.27,6.67,0.07,"1,533",2021,7,22,13,0
181,New Castle,1626958800,39.5775,-107.5267,1,168.56,0.41,4.88,3.89,0.01,3.43,3.94,2.09,"5,203",2021,7,22,13,0
182,Northglenn,1626958800,39.9108,-104.9783,1,250.34,1.87,12.51,4.34,0.22,4.43,5.17,2.34,"38,819",2021,7,22,13,0
183,Norwood,1626958800,38.1292,-108.2919,1,196.93,0.0,1.02,25.75,0.03,2.47,2.65,1.17,579,2021,7,22,13,0
184,Nucla,1626958800,38.2667,-108.5486,1,208.62,0.01,1.07,24.68,0.08,2.14,2.33,1.87,714,2021,7,22,13,0
185,Nunn,1626958800,40.7139,-104.7889,1,220.3,0.05,2.7,27.9,0.23,6.78,7.16,3.14,464,2021,7,22,13,0
186,Oak Creek,1626958800,40.2742,-106.9575,1,156.88,0.15,2.38,7.15,0.02,4.1,4.54,0.32,959,2021,7,22,13,0
187,Olathe,1626958800,38.6083,-107.9833,1,200.27,0.02,2.08,14.48,0.01,3.41,3.69,2.28,"1,837",2021,7,22,13,0
188,Olney Springs,1626958800,38.1664,-103.9444,2,198.6,0.01,1.37,55.08,0.05,10.08,29.21,2.69,340,2021,7,22,13,0
189,Ophir,1626958800,37.8569,-107.8311,1,181.91,0.02,1.8,23.25,0.03,4.31,4.53,0.59,184,2021,7,22,13,0
190,Orchard City,1626958800,38.8144,-107.9706,1,183.58,0.01,1.44,21.82,0.03,3.6,4.01,1.16,"3,212",2021,7,22,13,0
191,Ordway,1626958800,38.2208,-103.7567,2,191.93,0.01,1.05,55.79,0.07,9.19,25.53,2.44,"1,054",2021,7,22,13,0
192,Otis,1626958800,40.15,-102.9622,1,191.93,0.02,1.2,55.79,0.1,5.77,6.41,1.82,486,2021,7,22,13,0
193,Ouray,1626958800,38.0275,-107.6733,1,188.59,0.03,2.04,17.35,0.02,3.43,3.64,0.63,"1,034",2021,7,22,13,0
194,Ovid,1626958800,40.9608,-102.3883,1,200.27,0.03,1.76,60.8,0.14,6.16,6.27,2.22,300,2021,7,22,13,0
195,Pagosa Springs,1626958800,37.2675,-107.0306,1,170.23,0.0,0.3,13.95,0.01,4.82,4.98,0.05,"2,085",2021,7,22,13,0
196,Palisade,1626958800,39.1083,-108.3572,1,211.95,0.01,3.94,20.56,0.05,3.04,3.59,3.83,"2,736",2021,7,22,13,0
197,Palmer Lake,1626958800,39.1153,-104.9061,2,220.3,0.01,1.0,38.62,0.16,16.34,16.96,0.32,"2,993",2021,7,22,13,0
198,Paoli,1626958800,40.6128,-102.4717,1,195.27,0.03,1.5,55.79,0.1,5.89,6.03,2.5,34,2021,7,22,13,0
199,Paonia,1626958800,38.8697,-107.5919,1,113.49,0.12,2.51,2.95,0.0,3.19,3.7,2.09,"1,469",2021,7,22,13,0
200,Parachute,1626958800,39.4508,-108.0531,1,185.25,0.01,2.51,21.46,0.03,2.74,3.33,2.09,"1,116",2021,7,22,13,0
201,Parker,1626958800,39.5083,-104.7753,2,263.69,0.23,10.37,26.46,0.94,17.16,17.76,0.88,"57,706",2021,7,22,13,0
202,Peetz,1626958800,40.9619,-103.1139,1,193.6,0.28,3.73,16.27,0.03,9.84,11.32,4.05,235,2021,7,22,13,0
203,Pierce,1626958800,40.6411,-104.7703,1,220.3,0.05,2.7,27.9,0.23,6.78,7.16,3.14,"1,133",2021,7,22,13,0
204,Pitkin,1626958800,38.6086,-106.515,1,196.93,0.0,0.37,40.77,0.12,5.7,5.97,1.28,69,2021,7,22,13,0
205,Platteville,1626958800,40.2219,-104.8342,1,216.96,0.26,6.94,14.31,0.21,4.79,5.43,2.09,"2,760",2021,7,22,13,0
206,Poncha Springs,1626958800,38.5142,-106.0942,1,165.22,0.04,1.41,13.41,0.01,7.43,7.83,0.2,956,2021,7,22,13,0
207,Pritchett,1626958800,37.37,-102.8586,1,188.59,0.01,0.6,67.23,0.05,5.88,6.34,1.63,131,2021,7,22,13,0
208,Pueblo,1626958800,38.27,-104.6114,2,236.99,0.02,4.8,32.9,0.29,11.25,17.48,2.82,"112,361",2021,7,22,13,0
209,Ramah,1626958800,39.1222,-104.1672,1,185.25,0.01,1.44,45.78,0.02,7.11,14.71,2.6,130,2021,7,22,13,0
210,Rangely,1626958800,40.0861,-108.7794,1,223.64,0.0,0.53,54.36,0.13,1.73,3.38,1.38,"2,263",2021,7,22,13,0
211,Raymer,1626958800,40.6081,-103.8436,2,220.3,0.05,2.23,27.9,0.09,10.38,12.67,6.08,112,2021,7,22,13,0
212,Red Cliff,1626958800,39.5092,-106.37,1,170.23,0.32,6.08,11.8,0.09,8.95,9.41,0.61,282,2021,7,22,13,0
213,Rico,1626958800,37.6892,-108.0317,1,180.24,0.0,0.62,37.91,0.1,4.26,4.53,1.01,231,2021,7,22,13,0
214,Ridgway,1626958800,38.1572,-107.7547,1,188.59,0.03,2.04,17.35,0.02,3.43,3.64,0.63,"1,039",2021,7,22,13,0
215,Rifle,1626958800,39.5361,-107.7728,1,163.56,0.81,4.11,1.77,0.0,3.34,3.85,2.19,"9,706",2021,7,22,13,0
216,Rockvale,1626958800,38.3644,-105.1647,2,203.61,0.02,2.42,21.64,0.06,14.41,14.94,2.09,519,2021,7,22,13,0
217,Rocky Ford,1626958800,38.05,-103.7225,2,196.93,0.02,1.86,51.5,0.04,9.36,25.93,2.95,"3,815",2021,7,22,13,0
218,Romeo,1626958800,37.1719,-105.9853,1,165.22,0.08,1.52,7.51,0.01,5.89,6.1,1.08,411,2021,7,22,13,0
219,Rye,1626958800,37.9214,-104.9319,2,173.57,0.02,4.24,42.92,0.84,11.43,12.87,0.79,165,2021,7,22,13,0
220,Saguache,1626958800,38.0864,-106.1411,1,171.9,0.01,0.78,15.02,0.01,6.07,6.4,0.36,505,2021,7,22,13,0
221,Salida,1626958800,38.53,-105.9978,1,175.24,0.27,6.0,6.97,0.02,7.99,8.76,1.74,"6,082",2021,7,22,13,0
222,San Luis,1626958800,37.2025,-105.4225,1,223.64,0.03,3.73,32.19,0.03,3.74,4.0,2.88,658,2021,7,22,13,0
223,Sanford,1626958800,37.2575,-105.9008,1,161.89,0.14,3.51,6.26,0.02,6.06,6.29,4.69,887,2021,7,22,13,0
224,Sawpit,1626958800,37.9947,-108.0022,1,165.22,0.01,1.05,16.63,0.02,3.91,4.11,0.46,39,2021,7,22,13,0
225,Sedgwick,1626958800,40.9356,-102.5256,1,193.6,0.04,1.59,55.08,0.08,5.97,6.1,2.41,137,2021,7,22,13,0
226,Seibert,1626958800,39.2981,-102.8694,1,191.93,0.01,1.04,68.67,0.25,6.56,7.41,1.9,213,2021,7,22,13,0
227,Severance,1626958800,40.5267,-104.865,1,220.3,0.05,3.43,26.82,0.24,5.22,5.58,1.79,"6,494",2021,7,22,13,0
228,Sheridan,1626958800,39.6467,-105.0183,1,230.31,0.05,3.81,40.05,0.18,8.59,9.23,0.44,"6,183",2021,7,22,13,0
229,Sheridan Lake,1626958800,38.4667,-102.2944,1,208.62,0.01,0.85,69.38,0.25,6.34,6.43,1.71,83,2021,7,22,13,0
230,Silt,1626958800,39.5483,-107.6533,1,163.56,0.81,4.11,1.77,0.0,3.34,3.85,2.19,"3,190",2021,7,22,13,0
231,Silver Cliff,1626958800,38.1203,-105.4103,2,168.56,0.01,1.39,23.6,0.04,11.78,12.37,1.22,667,2021,7,22,13,0
232,Silver Plume,1626958800,39.6956,-105.7264,2,191.93,0.01,0.86,43.27,0.14,10.16,10.6,0.15,177,2021,7,22,13,0
233,Silverthorne,1626958800,39.6561,-106.0869,2,161.89,0.03,1.63,11.27,0.05,10.11,10.64,0.06,"4,898",2021,7,22,13,0
234,Silverton,1626958800,37.8108,-107.6647,1,203.61,0.01,1.8,44.35,0.13,3.93,4.17,3.39,663,2021,7,22,13,0
235,Simla,1626958800,39.1408,-104.0825,1,185.25,0.01,1.44,45.78,0.02,7.11,14.71,2.6,640,2021,7,22,13,0
236,Snowmass Village,1626958800,39.2211,-106.9392,1,163.56,0.05,1.89,10.64,0.02,4.77,4.99,1.52,"2,732",2021,7,22,13,0
237,South Fork,1626958800,37.6692,-106.6417,1,150.2,0.08,1.48,7.96,0.01,4.67,4.79,0.03,425,2021,7,22,13,0
238,Springfield,1626958800,37.405,-102.6189,1,191.93,0.01,0.7,67.95,0.05,6.04,6.53,1.55,"1,375",2021,7,22,13,0
239,Starkville,1626958800,37.1169,-104.5233,1,173.57,0.01,1.34,40.05,0.02,5.03,6.71,0.61,54,2021,7,22,13,0
240,Steamboat Springs,1626958800,40.4778,-106.8242,1,183.58,0.02,2.61,20.74,1.24,5.37,5.88,0.27,"13,214",2021,7,22,13,0
241,Sterling,1626958800,40.6206,-103.1925,1,200.27,0.19,4.54,27.18,0.04,8.6,9.29,4.75,"14,495",2021,7,22,13,0
242,Stratton,1626958800,39.3028,-102.6033,1,196.93,0.01,1.1,70.1,0.32,6.67,6.87,1.88,639,2021,7,22,13,0
243,Sugar City,1626958800,38.2328,-103.6633,2,191.93,0.01,1.05,55.79,0.07,9.19,25.53,2.44,253,2021,7,22,13,0
244,Superior,1626958800,39.9339,-105.1589,1,240.33,0.22,6.86,18.06,0.15,5.28,5.86,0.78,"13,087",2021,7,22,13,0
245,Swink,1626958800,38.0142,-103.6281,2,196.93,0.02,1.86,51.5,0.04,9.36,25.93,2.95,592,2021,7,22,13,0
246,Telluride,1626958800,37.9364,-107.8269,1,181.91,0.02,1.8,23.25,0.03,4.31,4.53,0.59,"2,479",2021,7,22,13,0
247,Thornton,1626958800,39.9197,-104.9439,1,250.34,1.87,12.51,4.34,0.22,4.43,5.17,2.34,"141,464",2021,7,22,13,0
248,Timnath,1626958800,40.5339,-104.9622,1,220.3,0.05,3.43,26.82,0.24,5.22,5.58,1.79,"4,998",2021,7,22,13,0
249,Trinidad,1626958800,37.175,-104.4908,1,173.57,0.01,1.34,40.05,0.02,5.03,6.71,0.61,"8,200",2021,7,22,13,0
250,Two Buttes,1626958800,37.5606,-102.3967,1,186.92,0.01,0.68,77.25,0.1,5.75,5.82,1.68,40,2021,7,22,13,0
251,Vail,1626958800,39.6386,-106.3611,1,183.58,0.01,0.75,36.84,0.2,7.27,7.71,0.15,"5,434",2021,7,22,13,0
252,Victor,1626958800,38.7086,-105.1419,2,208.62,0.02,1.86,28.97,0.09,14.03,14.71,0.42,426,2021,7,22,13,0
253,Vilas,1626958800,37.3736,-102.4475,1,188.59,0.01,0.64,75.1,0.06,5.69,5.84,1.54,107,2021,7,22,13,0
254,Vona,1626958800,39.3022,-102.7433,1,196.93,0.01,1.1,70.1,0.32,6.67,6.87,1.88,104,2021,7,22,13,0
255,Walden,1626958800,40.7317,-106.2814,1,181.91,0.03,1.41,15.91,0.21,8.1,8.45,0.86,599,2021,7,22,13,0
256,Walsenburg,1626958800,37.6306,-104.7817,1,185.25,0.04,3.86,25.39,0.04,7.94,8.82,5.38,"3,029",2021,7,22,13,0
257,Walsh,1626958800,37.3861,-102.28,1,183.58,0.01,0.67,79.39,0.1,5.65,5.72,1.74,516,2021,7,22,13,0
258,Ward,1626958800,40.0722,-105.5139,1,193.6,0.0,0.52,32.9,0.04,4.6,4.94,0.11,161,2021,7,22,13,0
259,Wellington,1626958800,40.7,-105.0053,1,216.96,0.0,0.7,43.99,0.47,6.81,7.16,0.97,"10,437",2021,7,22,13,0
260,Westcliffe,1626958800,38.1339,-105.4653,2,168.56,0.01,1.39,23.6,0.04,11.78,12.37,1.22,628,2021,7,22,13,0
261,Westminster,1626958800,39.8836,-105.0625,1,240.33,0.22,6.86,18.06,0.15,5.28,5.86,0.78,"113,166",2021,7,22,13,0
262,Wheat Ridge,1626958800,39.7728,-105.1028,1,230.31,0.05,3.81,40.05,0.18,8.59,9.23,0.44,"31,324",2021,7,22,13,0
263,Wiggins,1626958800,40.2286,-104.0725,2,263.69,0.24,7.37,15.56,0.08,17.79,19.17,6.14,"1,163",2021,7,22,13,0
264,Wiley,1626958800,38.1553,-102.7192,1,190.26,0.01,1.19,63.66,0.11,6.41,8.02,2.0,393,2021,7,22,13,0
265,Williamsburg,1626958800,38.3839,-105.1711,2,203.61,0.02,2.42,21.64,0.06,14.41,14.94,2.09,713,2021,7,22,13,0
266,Windsor,1626958800,40.4689,-104.92,1,220.3,0.05,3.43,26.82,0.24,5.22,5.58,1.79,"30,477",2021,7,22,13,0
267,Winter Park,1626958800,39.8786,-105.7828,1,175.24,0.03,1.84,21.28,0.04,6.47,6.9,0.21,"1,090",2021,7,22,13,0
268,Woodland Park,1626958800,38.9986,-105.0594,2,220.3,0.01,1.09,41.49,0.26,15.44,16.39,0.21,"7,885",2021,7,22,13,0
269,Wray,1626958800,40.08,-102.2283,1,198.6,0.01,0.88,72.96,0.25,6.24,6.32,2.31,"2,349",2021,7,22,13,0
270,Yampa,1626958800,40.1531,-106.9086,1,145.2,0.04,1.15,10.37,0.01,4.14,4.65,0.37,464,2021,7,22,13,0
271,Yuma,1626958800,40.1236,-102.7161,1,193.6,0.02,1.14,60.08,0.14,5.94,6.21,2.06,"3,479",2021,7,22,13,0
272,Absarokee,1626958800,45.52,-109.45,2,191.93,0.02,1.31,16.09,0.0,14.14,15.0,2.76,,2021,7,22,13,0
273,Alberton ,1626958800,47.0,-114.48,1,151.87,0.28,3.09,6.62,0.01,7.93,8.12,0.11,,2021,7,22,13,0
274,Alder,1626958800,45.32,-112.11,2,226.97,0.01,2.96,35.05,0.02,14.44,15.4,6.78,,2021,7,22,13,0
275,Alzada,1626958800,45.02,-104.41,3,260.35,0.05,1.91,37.91,0.06,24.57,26.36,4.12,,2021,7,22,13,0
276,Amsterdam,1626958800,45.75,-111.33,2,208.62,0.11,6.17,14.66,0.02,11.5,12.28,9.12,,2021,7,22,13,0
277,Anaconda,1626958800,46.06,-113.07,2,233.65,0.0,1.61,76.53,0.08,15.37,16.16,1.31,,2021,7,22,13,0
278,Antelope,1626958800,48.69,-104.45,2,193.6,0.06,2.44,31.11,0.98,10.42,12.46,0.88,,2021,7,22,13,0
279,Arlee,1626958800,47.17,-114.08,2,205.28,0.03,7.2,28.25,0.04,11.72,12.09,6.65,,2021,7,22,13,0
280,Ashland,1626958800,45.6,-106.3,2,240.33,0.02,1.46,31.83,0.1,14.17,15.42,3.71,,2021,7,22,13,0
281,Augusta,1626958800,47.49,-112.39,2,210.29,0.0,0.65,72.24,0.06,10.28,10.62,0.96,,2021,7,22,13,0
282,Avon,1626958800,46.63,-112.58,2,220.3,0.0,0.87,47.92,0.03,14.8,15.23,0.47,,2021,7,22,13,0
283,Azure,1626958800,48.31,-109.81,2,267.03,0.0,1.35,80.11,0.06,12.2,16.05,1.74,,2021,7,22,13,0
284,Babb,1626958800,48.88,-113.44,1,180.24,0.01,0.58,74.39,0.1,2.39,2.64,0.44,,2021,7,22,13,0
285,Bainville ,1626958800,48.14,-104.22,2,193.6,0.06,2.79,39.34,1.59,11.54,13.84,0.94,,2021,7,22,13,0
286,Baker ,1626958800,46.36,-104.27,2,253.68,0.02,1.76,60.8,2.8,14.17,16.45,2.79,,2021,7,22,13,0
287,Ballantine,1626958800,45.95,-108.14,2,257.02,0.19,9.77,17.35,0.23,11.45,11.99,6.14,,2021,7,22,13,0
288,Basin,1626958800,46.28,-112.29,2,230.31,0.0,0.87,50.07,0.02,15.91,16.4,0.31,,2021,7,22,13,0
289,Batavia,1626958800,48.18,-114.41,1,190.26,0.01,0.87,62.23,0.05,3.24,3.58,0.24,,2021,7,22,13,0
290,Bear Dance,1626958800,47.9,-114.03,1,195.27,0.04,3.68,23.25,0.22,7.84,8.03,0.88,,2021,7,22,13,0
291,Bearcreek ,1626958800,45.16,-109.16,2,257.02,0.01,1.82,54.36,0.04,19.47,21.02,2.69,,2021,7,22,13,0
292,Beaver Creek,1626958800,48.54,-109.81,2,253.68,0.0,1.03,81.54,0.08,10.78,13.06,1.6,,2021,7,22,13,0
293,Belfry,1626958800,45.14,-109.0,2,247.0,0.04,2.96,18.24,0.01,19.51,23.75,3.86,,2021,7,22,13,0
294,Belgrade ,1626958800,45.78,-111.18,2,196.93,0.26,6.0,8.94,0.03,12.38,13.12,5.32,,2021,7,22,13,0
295,Belknap,1626958800,47.65,-115.42,1,170.23,0.04,2.74,22.89,0.03,2.89,3.18,0.69,,2021,7,22,13,0
296,Belt ,1626958800,47.39,-110.93,2,293.73,0.01,1.59,62.23,0.02,17.9,18.17,2.41,,2021,7,22,13,0
297,Biddle,1626958800,45.11,-105.31,3,260.35,0.06,2.38,22.35,0.01,21.72,23.73,4.31,,2021,7,22,13,0
298,Big Arm,1626958800,47.79,-114.27,1,195.27,0.02,3.0,25.39,0.03,9.19,9.32,6.65,,2021,7,22,13,0
299,Big Sandy ,1626958800,48.18,-110.11,2,260.35,0.01,1.36,73.67,0.06,12.65,18.6,2.0,,2021,7,22,13,0
300,Big Sky,1626958800,45.26,-111.34,2,188.59,0.0,0.66,36.12,0.02,11.24,12.09,1.52,,2021,7,22,13,0
301,Big Timber ,1626958800,45.83,-109.95,2,253.68,0.01,1.52,66.52,0.04,10.98,11.61,2.28,,2021,7,22,13,0
302,Bigfork,1626958800,48.09,-114.06,1,201.94,0.18,3.86,11.8,0.83,3.97,4.16,1.28,,2021,7,22,13,0
303,Billings ,1626958800,45.79,-108.55,2,280.38,0.08,8.91,18.95,0.32,12.77,13.57,7.41,,2021,7,22,13,0
304,Birney,1626958800,45.42,-106.49,2,247.0,0.01,1.1,53.64,0.25,15.11,16.43,2.95,,2021,7,22,13,0
305,Black Eagle,1626958800,47.53,-111.27,2,250.34,0.09,6.43,20.56,0.01,16.17,16.5,3.71,,2021,7,22,13,0
306,Boneau,1626958800,48.29,-109.86,2,267.03,0.0,1.35,80.11,0.06,12.2,16.05,1.74,,2021,7,22,13,0
307,Bonner-West Riverside,1626958800,46.88,-113.89,2,201.94,0.02,5.31,28.25,0.05,13.55,13.97,0.6,,2021,7,22,13,0
308,Boulder ,1626958800,46.24,-112.12,2,236.99,0.0,0.85,54.36,0.03,15.97,16.44,0.19,,2021,7,22,13,0
309,Box Elder,1626958800,48.32,-110.02,2,243.66,0.0,1.07,80.82,0.09,9.75,12.38,1.55,,2021,7,22,13,0
310,Boyd,1626958800,45.46,-109.07,2,223.64,0.02,2.42,18.77,0.01,14.49,15.37,2.91,,2021,7,22,13,0
311,Bozeman ,1626958800,45.68,-111.05,2,196.93,0.26,6.0,8.94,0.03,12.38,13.12,5.32,,2021,7,22,13,0
312,Brady,1626958800,48.03,-111.84,2,200.27,0.0,0.74,80.82,0.1,6.37,6.61,0.86,,2021,7,22,13,0
313,Bridger,1626958800,45.81,-110.9,2,200.27,0.0,0.85,33.26,0.01,11.36,11.88,1.06,,2021,7,22,13,0
314,Bridger ,1626958800,45.29,-108.92,2,236.99,0.03,3.09,22.89,0.01,17.49,19.01,5.7,,2021,7,22,13,0
315,Broadus ,1626958800,45.44,-105.41,4,277.04,0.04,2.19,35.76,0.02,26.78,28.96,4.31,,2021,7,22,13,0
316,Broadview ,1626958800,46.1,-108.88,2,260.35,0.06,4.93,22.35,0.01,12.75,13.42,6.33,,2021,7,22,13,0
317,Brockton ,1626958800,48.15,-104.91,2,196.93,0.03,1.78,47.21,0.32,10.17,12.25,1.25,,2021,7,22,13,0
318,Browning ,1626958800,48.56,-113.02,2,180.24,0.0,0.51,89.41,0.15,2.18,2.41,0.36,,2021,7,22,13,0
319,Busby,1626958800,45.53,-106.98,2,257.02,0.01,1.34,52.21,0.16,15.82,17.19,2.98,,2021,7,22,13,0
320,Butte-Silver Bow,1626958800,45.9,-112.66,2,158.55,0.09,2.79,11.8,0.01,10.94,11.72,0.96,,2021,7,22,13,0
321,Bynum,1626958800,47.97,-112.32,2,195.27,0.0,0.4,85.83,0.11,4.67,4.89,0.59,,2021,7,22,13,0
322,Camas,1626958800,47.62,-114.66,1,170.23,0.01,1.13,26.82,0.03,5.9,6.07,0.25,,2021,7,22,13,0
323,Camp Three,1626958800,46.45,-108.57,1,230.31,0.01,1.93,32.9,0.03,7.03,8.19,3.9,,2021,7,22,13,0
324,Cardwell,1626958800,45.86,-111.96,2,175.24,0.03,5.01,21.46,0.02,11.34,11.91,4.69,,2021,7,22,13,0
325,Carlton,1626958800,46.68,-114.07,2,185.25,0.02,1.99,19.67,0.02,14.14,14.49,0.38,,2021,7,22,13,0
326,Carter,1626958800,47.78,-110.94,2,257.02,0.03,4.33,35.76,0.03,15.16,21.68,3.36,,2021,7,22,13,0
327,Cascade ,1626958800,47.27,-111.7,2,233.65,0.01,2.59,32.9,0.01,17.82,18.19,2.88,,2021,7,22,13,0
328,Charlo,1626958800,47.44,-114.17,1,191.93,0.01,2.79,33.62,0.06,6.21,6.37,2.79,,2021,7,22,13,0
329,Charlos Heights,1626958800,46.13,-114.18,2,175.24,0.02,2.01,25.03,0.02,12.02,12.32,0.67,,2021,7,22,13,0
330,Chester ,1626958800,48.51,-110.97,2,223.64,0.0,0.86,85.83,0.11,7.77,8.44,1.2,,2021,7,22,13,0
331,Chinook ,1626958800,48.59,-109.23,3,293.73,0.01,2.44,63.66,0.04,20.84,28.04,2.79,,2021,7,22,13,0
332,Choteau ,1626958800,47.82,-112.18,2,193.6,0.0,0.51,80.82,0.1,5.25,5.5,0.79,,2021,7,22,13,0
333,Churchill,1626958800,45.75,-111.31,2,208.62,0.11,6.17,14.66,0.02,11.5,12.28,9.12,,2021,7,22,13,0
334,Circle ,1626958800,47.42,-105.59,2,206.95,0.01,1.17,67.95,0.28,10.83,12.03,2.22,,2021,7,22,13,0
335,Clancy,1626958800,46.45,-112.0,2,250.34,0.01,4.2,46.49,0.03,15.95,16.38,1.33,,2021,7,22,13,0
336,Clinton,1626958800,46.77,-113.72,2,220.3,0.02,5.91,35.41,0.08,15.51,16.02,0.68,,2021,7,22,13,0
337,Clyde Park ,1626958800,45.88,-110.61,1,171.9,0.02,1.99,19.67,0.01,9.75,10.25,5.07,,2021,7,22,13,0
338,Colstrip ,1626958800,45.9,-106.63,2,243.66,0.01,1.32,50.78,0.27,13.23,14.32,3.2,,2021,7,22,13,0
339,Columbia Falls ,1626958800,48.37,-114.19,1,165.22,0.22,3.17,9.12,0.03,3.14,3.29,0.31,,2021,7,22,13,0
340,Columbus ,1626958800,45.64,-109.25,2,230.31,0.07,6.17,19.31,0.02,11.12,11.77,8.87,,2021,7,22,13,0
341,Condon,1626958800,47.52,-113.7,2,161.89,0.03,1.3,16.09,0.01,11.49,11.75,0.25,,2021,7,22,13,0
342,Conner,1626958800,45.93,-114.13,2,165.22,0.02,1.5,22.71,0.02,11.56,11.9,0.44,,2021,7,22,13,0
343,Conrad ,1626958800,48.17,-111.95,2,200.27,0.0,0.74,80.82,0.1,6.37,6.61,0.86,,2021,7,22,13,0
344,Cooke ,1626958800,45.02,-109.91,3,243.66,0.0,0.43,83.69,0.05,21.67,22.8,0.71,,2021,7,22,13,0
345,Coram,1626958800,48.43,-114.04,1,153.54,0.07,2.01,15.74,0.01,3.07,3.18,0.11,,2021,7,22,13,0
346,Corvallis,1626958800,46.31,-114.11,2,183.58,0.01,1.71,25.75,0.02,11.65,11.89,0.67,,2021,7,22,13,0
347,Corwin Springs,1626958800,45.13,-110.8,2,163.56,0.05,1.5,7.78,0.0,17.98,18.9,0.81,,2021,7,22,13,0
348,Craig,1626958800,47.07,-111.97,2,230.31,0.01,2.74,36.12,0.01,16.26,16.66,1.22,,2021,7,22,13,0
349,Crane,1626958800,47.58,-104.25,2,191.93,0.07,2.59,30.4,0.37,12.02,14.52,1.43,,2021,7,22,13,0
350,Crow Agency,1626958800,45.6,-107.46,2,253.68,0.08,4.71,21.46,0.02,14.12,15.09,3.61,,2021,7,22,13,0
351,Culbertson ,1626958800,48.15,-104.52,2,195.27,0.04,2.36,43.99,1.48,11.41,13.85,1.01,,2021,7,22,13,0
352,Custer,1626958800,46.13,-107.56,2,243.66,0.04,3.13,33.26,0.43,12.21,13.34,3.1,,2021,7,22,13,0
353,Cut Bank ,1626958800,48.63,-112.33,2,205.28,0.0,0.83,88.69,0.16,4.56,4.74,1.03,,2021,7,22,13,0
354,Darby ,1626958800,46.02,-114.18,2,175.24,0.02,2.01,25.03,0.02,12.02,12.32,0.67,,2021,7,22,13,0
355,Dayton,1626958800,47.86,-114.28,1,188.59,0.02,1.63,31.47,0.03,5.48,5.72,0.43,,2021,7,22,13,0
356,De Borgia,1626958800,47.38,-115.32,1,138.52,0.11,2.23,12.34,0.01,3.3,3.48,0.15,,2021,7,22,13,0
357,Deer Lodge ,1626958800,46.4,-112.73,2,216.96,0.03,4.97,28.61,0.03,16.56,17.17,5.83,,2021,7,22,13,0
358,Denton ,1626958800,47.32,-109.95,2,290.39,0.01,2.23,67.23,0.02,15.53,16.14,2.5,,2021,7,22,13,0
359,Dillon ,1626958800,45.22,-112.63,2,253.68,0.0,0.75,111.58,0.18,13.44,14.38,1.25,,2021,7,22,13,0
360,Dixon,1626958800,47.32,-114.36,1,188.59,0.02,4.46,29.33,0.04,6.22,6.44,5.38,,2021,7,22,13,0
361,Dodson ,1626958800,48.4,-108.25,3,280.38,0.06,3.38,28.97,0.03,24.82,25.93,8.36,,2021,7,22,13,0
362,Drummond ,1626958800,46.67,-113.15,2,203.61,0.02,3.94,27.9,0.04,14.33,14.82,3.45,,2021,7,22,13,0
363,Dupuyer,1626958800,48.19,-112.48,2,200.27,0.0,0.44,83.69,0.11,5.94,6.11,0.54,,2021,7,22,13,0
364,Dutton ,1626958800,47.85,-111.71,2,226.97,0.03,4.46,43.99,0.04,10.02,10.36,3.14,,2021,7,22,13,0
365,East Glacier Park Village,1626958800,48.45,-113.22,2,181.91,0.0,0.36,89.41,0.14,2.1,2.36,0.22,,2021,7,22,13,0
366,East Helena ,1626958800,46.59,-111.92,2,250.34,0.01,4.2,46.49,0.03,15.95,16.38,1.33,,2021,7,22,13,0
367,East Missoula,1626958800,46.88,-113.94,2,201.94,0.02,5.31,28.25,0.05,13.55,13.97,0.6,,2021,7,22,13,0
368,Edgar,1626958800,45.46,-108.86,2,223.64,0.09,3.98,11.8,0.01,14.75,15.63,4.31,,2021,7,22,13,0
369,Ekalaka ,1626958800,45.89,-104.55,2,257.02,0.01,0.95,74.39,1.62,16.09,16.84,2.5,,2021,7,22,13,0
370,Elkhorn,1626958800,46.28,-111.95,2,216.96,0.02,2.83,31.11,0.01,14.94,15.34,0.37,,2021,7,22,13,0
371,Elliston,1626958800,46.56,-112.46,2,208.62,0.02,3.3,23.6,0.01,16.06,16.52,1.85,,2021,7,22,13,0
372,Elmo,1626958800,47.83,-114.35,1,188.59,0.02,1.63,31.47,0.03,5.48,5.72,0.43,,2021,7,22,13,0
373,Emigrant,1626958800,45.38,-110.75,2,158.55,0.04,1.23,8.14,0.0,12.73,13.52,1.05,,2021,7,22,13,0
374,Ennis ,1626958800,45.35,-111.73,2,208.62,0.02,3.3,22.53,0.01,12.68,13.52,5.89,,2021,7,22,13,0
375,Eureka ,1626958800,48.88,-115.05,1,176.91,0.02,1.36,31.83,0.12,2.58,2.76,0.14,,2021,7,22,13,0
376,Evaro,1626958800,47.07,-114.02,2,205.28,0.03,7.2,28.25,0.04,11.72,12.09,6.65,,2021,7,22,13,0
377,Evergreen,1626958800,48.23,-114.27,1,168.56,0.07,2.27,19.31,0.01,2.46,2.68,0.39,,2021,7,22,13,0
378,Fairfield ,1626958800,47.62,-111.98,2,216.96,0.01,1.61,57.94,0.05,10.76,11.12,2.22,,2021,7,22,13,0
379,Fairview ,1626958800,47.85,-104.05,2,190.26,0.08,2.55,25.39,0.54,11.48,13.75,1.12,,2021,7,22,13,0
380,Fallon,1626958800,46.84,-105.13,2,216.96,0.04,2.42,53.64,0.14,11.96,13.21,3.39,,2021,7,22,13,0
381,Finley Point,1626958800,47.75,-114.07,1,191.93,0.03,3.73,21.99,0.17,9.62,9.79,3.77,,2021,7,22,13,0
382,Flaxville ,1626958800,48.8,-105.17,1,195.27,0.01,0.93,57.94,0.14,9.32,10.56,1.14,,2021,7,22,13,0
383,Florence,1626958800,46.63,-114.08,2,185.25,0.02,1.99,19.67,0.02,14.14,14.49,0.38,,2021,7,22,13,0
384,Forest Hill Village,1626958800,48.12,-114.26,1,191.93,0.04,2.49,34.69,0.03,3.48,3.74,0.7,,2021,7,22,13,0
385,Forsyth ,1626958800,46.27,-106.68,3,263.69,0.02,2.44,50.78,0.06,23.05,27.49,3.9,,2021,7,22,13,0
386,Fort Belknap Agency,1626958800,48.43,-108.68,3,283.72,0.08,5.44,27.54,0.02,23.97,24.61,6.02,,2021,7,22,13,0
387,Fort Benton ,1626958800,47.83,-110.66,2,240.33,0.0,1.2,64.37,0.06,11.25,16.46,1.92,,2021,7,22,13,0
388,Fort Peck ,1626958800,48.01,-106.46,2,216.96,0.01,1.46,64.37,0.23,12.61,13.74,2.79,,2021,7,22,13,0
389,Fort Shaw,1626958800,47.5,-111.82,2,223.64,0.0,1.2,55.08,0.03,12.5,12.85,2.31,,2021,7,22,13,0
390,Fort Smith,1626958800,45.31,-107.93,2,220.3,0.01,1.46,31.83,0.01,12.63,13.78,4.02,,2021,7,22,13,0
391,Fortine,1626958800,48.77,-114.9,1,185.25,0.03,2.83,36.48,0.04,2.58,2.79,0.15,,2021,7,22,13,0
392,Four Corners,1626958800,45.67,-111.18,2,196.93,0.26,6.0,8.94,0.03,12.38,13.12,5.32,,2021,7,22,13,0
393,Fox Lake,1626958800,47.69,-104.63,2,196.93,0.01,1.21,62.94,1.55,12.39,15.24,1.11,,2021,7,22,13,0
394,Frazer,1626958800,48.05,-106.05,2,205.28,0.01,1.16,62.23,0.27,10.71,11.54,2.44,,2021,7,22,13,0
395,French,1626958800,47.03,-114.25,1,178.58,0.02,3.3,24.32,0.03,8.27,8.53,1.2,,2021,7,22,13,0
396,Froid ,1626958800,48.34,-104.49,2,193.6,0.07,3.0,34.33,1.16,11.31,13.6,1.22,,2021,7,22,13,0
397,Fromberg ,1626958800,45.39,-108.91,2,236.99,0.03,3.09,22.89,0.01,17.49,19.01,5.7,,2021,7,22,13,0
398,Gallatin Gateway,1626958800,45.59,-111.2,2,181.91,0.01,1.63,20.03,0.01,10.56,11.38,3.86,,2021,7,22,13,0
399,Gallatin River Ranch,1626958800,45.91,-111.33,2,216.96,0.06,4.63,15.56,0.01,14.5,15.02,2.66,,2021,7,22,13,0
400,Gardiner,1626958800,45.06,-110.74,2,163.56,0.05,1.5,7.78,0.0,17.98,18.9,0.81,,2021,7,22,13,0
401,Garrison,1626958800,46.53,-112.82,2,236.99,0.0,1.41,71.53,0.11,14.98,15.52,1.35,,2021,7,22,13,0
402,Geraldine ,1626958800,47.6,-110.27,2,293.73,0.01,2.59,52.21,0.04,16.25,22.73,2.82,,2021,7,22,13,0
403,Geyser,1626958800,47.26,-110.49,2,273.71,0.01,1.41,54.36,0.01,14.13,14.34,1.46,,2021,7,22,13,0
404,Gibson Flats,1626958800,47.47,-111.24,2,250.34,0.09,6.43,20.56,0.01,16.17,16.5,3.71,,2021,7,22,13,0
405,Gildford,1626958800,48.58,-110.27,2,236.99,0.0,0.84,87.98,0.12,8.98,10.06,1.24,,2021,7,22,13,0
406,Glasgow ,1626958800,48.2,-106.63,2,220.3,0.01,1.22,68.67,0.27,12.51,13.43,2.53,,2021,7,22,13,0
407,Glendive ,1626958800,47.11,-104.71,2,201.94,0.09,4.46,39.7,0.1,10.88,12.96,2.95,,2021,7,22,13,0
408,Grass Range ,1626958800,47.03,-108.8,1,223.64,0.02,1.48,33.26,0.02,7.15,7.56,4.5,,2021,7,22,13,0
409,Great Falls ,1626958800,47.5,-111.3,2,250.34,0.09,6.43,20.56,0.01,16.17,16.5,3.71,,2021,7,22,13,0
410,Greycliff,1626958800,45.76,-109.78,2,208.62,0.09,4.33,15.91,0.01,12.31,13.07,5.0,,2021,7,22,13,0
411,Hamilton ,1626958800,46.25,-114.16,2,183.58,0.01,1.71,25.75,0.02,11.65,11.89,0.67,,2021,7,22,13,0
412,Happys Inn,1626958800,48.06,-115.14,1,160.22,0.05,1.41,13.41,0.01,2.58,2.79,0.15,,2021,7,22,13,0
413,Hardin ,1626958800,45.74,-107.61,2,243.66,0.22,5.91,11.98,0.02,12.64,13.53,6.14,,2021,7,22,13,0
414,Harlem ,1626958800,48.53,-108.78,3,283.72,0.08,5.44,27.54,0.02,23.97,24.61,6.02,,2021,7,22,13,0
415,Harlowton ,1626958800,46.44,-109.83,2,253.68,0.01,1.76,41.13,0.02,12.64,12.99,3.45,,2021,7,22,13,0
416,Harrison,1626958800,45.7,-111.79,2,203.61,0.04,6.17,23.96,0.02,11.28,12.08,7.6,,2021,7,22,13,0
417,Havre ,1626958800,48.54,-109.67,2,277.04,0.01,1.41,78.68,0.05,13.19,17.85,2.0,,2021,7,22,13,0
418,Havre North,1626958800,48.56,-109.67,2,277.04,0.01,1.41,78.68,0.05,13.19,17.85,2.0,,2021,7,22,13,0
419,Hays,1626958800,48.01,-108.66,3,287.06,0.02,1.71,40.41,0.02,22.87,23.62,4.18,,2021,7,22,13,0
420,Heart Butte,1626958800,48.29,-112.84,2,193.6,0.0,0.47,89.41,0.14,4.85,5.03,0.44,,2021,7,22,13,0
421,Hebgen Lake Estates,1626958800,44.77,-111.19,3,223.64,0.01,2.29,38.62,0.02,23.33,24.54,2.31,,2021,7,22,13,0
422,Helena ,1626958800,46.6,-112.02,2,230.31,0.0,1.16,65.8,0.05,13.5,13.9,1.19,,2021,7,22,13,0
423,Helena Flats,1626958800,48.29,-114.24,1,168.56,0.07,2.27,19.31,0.01,2.46,2.68,0.39,,2021,7,22,13,0
424,Helena Valley Northeast,1626958800,46.7,-111.95,2,240.33,0.01,3.68,47.21,0.03,15.24,15.68,2.28,,2021,7,22,13,0
425,Helena Valley Northwest,1626958800,46.73,-112.06,2,230.31,0.0,1.16,65.8,0.05,13.5,13.9,1.19,,2021,7,22,13,0
426,Helena Valley Southeast,1626958800,46.62,-111.92,2,240.33,0.01,3.68,47.21,0.03,15.24,15.68,2.28,,2021,7,22,13,0
427,Helena Valley West Central,1626958800,46.66,-112.06,2,230.31,0.0,1.16,65.8,0.05,13.5,13.9,1.19,,2021,7,22,13,0
428,Helena West Side,1626958800,46.6,-112.11,2,230.31,0.0,1.16,65.8,0.05,13.5,13.9,1.19,,2021,7,22,13,0
429,Heron,1626958800,48.06,-115.98,1,151.87,0.02,1.89,19.85,0.04,3.04,3.56,1.31,,2021,7,22,13,0
430,Herron,1626958800,48.53,-109.77,2,277.04,0.01,1.41,78.68,0.05,13.19,17.85,2.0,,2021,7,22,13,0
431,Highwood,1626958800,47.6,-110.77,2,273.71,0.02,3.9,41.13,0.03,16.02,23.57,3.2,,2021,7,22,13,0
432,Hingham ,1626958800,48.56,-110.42,2,226.97,0.0,0.84,84.4,0.11,8.44,9.65,1.24,,2021,7,22,13,0
433,Hinsdale,1626958800,48.4,-107.06,3,250.34,0.01,1.09,70.81,0.29,23.01,31.48,2.88,,2021,7,22,13,0
434,Hobson ,1626958800,47.0,-109.87,2,257.02,0.01,1.13,62.94,0.04,12.7,13.09,2.06,,2021,7,22,13,0
435,Hot Springs ,1626958800,47.61,-114.67,1,170.23,0.01,1.13,26.82,0.03,5.9,6.07,0.25,,2021,7,22,13,0
436,Hungry Horse,1626958800,48.38,-114.06,1,165.22,0.22,3.17,9.12,0.03,3.14,3.29,0.31,,2021,7,22,13,0
437,Huntley,1626958800,45.9,-108.31,2,273.71,0.11,9.85,24.32,0.81,12.28,12.83,7.28,,2021,7,22,13,0
438,Huson,1626958800,47.03,-114.34,1,178.58,0.02,3.3,24.32,0.03,8.27,8.53,1.2,,2021,7,22,13,0
439,Hysham ,1626958800,46.29,-107.23,2,250.34,0.04,3.64,31.83,0.18,15.83,24.07,3.52,,2021,7,22,13,0
440,Indian Springs,1626958800,48.95,-115.04,1,176.91,0.02,1.36,31.83,0.12,2.58,2.76,0.14,,2021,7,22,13,0
441,Inverness,1626958800,48.56,-110.71,2,220.3,0.0,0.88,83.69,0.11,7.81,8.52,1.24,,2021,7,22,13,0
442,Ismay ,1626958800,46.5,-104.79,2,226.97,0.02,1.46,60.8,0.4,13.48,14.91,3.07,,2021,7,22,13,0
443,Jardine,1626958800,45.06,-110.62,2,163.56,0.05,1.5,7.78,0.0,17.98,18.9,0.81,,2021,7,22,13,0
444,Jefferson ,1626958800,46.38,-112.03,2,236.99,0.0,0.85,54.36,0.03,15.97,16.44,0.19,,2021,7,22,13,0
445,Jette,1626958800,47.72,-114.19,1,191.93,0.03,3.73,21.99,0.17,9.62,9.79,3.77,,2021,7,22,13,0
446,Joliet ,1626958800,45.48,-108.97,2,223.64,0.09,3.98,11.8,0.01,14.75,15.63,4.31,,2021,7,22,13,0
447,Joplin,1626958800,48.56,-110.77,2,220.3,0.0,0.88,83.69,0.11,7.81,8.52,1.24,,2021,7,22,13,0
448,Jordan ,1626958800,47.32,-106.91,3,247.0,0.01,1.05,79.39,0.34,23.11,29.3,3.07,,2021,7,22,13,0
449,Judith Gap ,1626958800,46.68,-109.75,2,260.35,0.04,4.03,32.9,0.02,14.72,14.99,5.19,,2021,7,22,13,0
450,Kalispell ,1626958800,48.22,-114.33,1,168.56,0.07,2.27,19.31,0.01,2.46,2.68,0.39,,2021,7,22,13,0
451,Kerr,1626958800,47.68,-114.19,1,191.93,0.03,3.73,21.99,0.17,9.62,9.79,3.77,,2021,7,22,13,0
452,Kevin ,1626958800,48.75,-111.97,2,201.94,0.0,0.71,86.55,0.16,5.38,5.56,0.89,,2021,7,22,13,0
453,Kicking Horse,1626958800,47.46,-114.07,1,191.93,0.01,2.79,33.62,0.06,6.21,6.37,2.79,,2021,7,22,13,0
454,Kila,1626958800,48.12,-114.48,1,190.26,0.01,0.87,62.23,0.05,3.24,3.58,0.24,,2021,7,22,13,0
455,King Arthur Park,1626958800,45.67,-111.13,2,196.93,0.26,6.0,8.94,0.03,12.38,13.12,5.32,,2021,7,22,13,0
456,Kings Point,1626958800,47.76,-114.15,1,191.93,0.03,3.73,21.99,0.17,9.62,9.79,3.77,,2021,7,22,13,0
457,Klein,1626958800,46.4,-108.55,1,226.97,0.02,2.74,29.68,0.03,8.78,10.12,4.62,,2021,7,22,13,0
458,Knife River,1626958800,47.45,-104.35,2,191.93,0.07,2.59,30.4,0.37,12.02,14.52,1.43,,2021,7,22,13,0
459,Kremlin,1626958800,48.57,-110.09,2,243.66,0.0,0.9,86.55,0.11,9.53,10.69,1.31,,2021,7,22,13,0
460,Lake Mary Ronan,1626958800,47.93,-114.39,1,188.59,0.02,1.63,31.47,0.03,5.48,5.72,0.43,,2021,7,22,13,0
461,Lakeside,1626958800,48.02,-114.23,1,191.93,0.04,2.49,34.69,0.03,3.48,3.74,0.7,,2021,7,22,13,0
462,Lame Deer,1626958800,45.62,-106.61,2,250.34,0.01,1.07,56.51,0.26,14.51,15.73,2.85,,2021,7,22,13,0
463,Laurel ,1626958800,45.67,-108.77,2,250.34,0.03,5.83,22.17,0.07,11.13,11.86,9.5,,2021,7,22,13,0
464,Lavina ,1626958800,46.3,-108.94,1,243.66,0.03,4.11,40.05,0.05,8.01,9.25,5.0,,2021,7,22,13,0
465,Lewis ,1626958800,47.05,-109.45,2,273.71,0.02,3.13,46.49,0.02,15.97,16.21,3.04,,2021,7,22,13,0
466,Lewis Heights,1626958800,47.08,-109.47,2,273.71,0.02,3.13,46.49,0.02,15.97,16.21,3.04,,2021,7,22,13,0
467,Libby ,1626958800,48.39,-115.56,1,168.56,0.08,3.0,16.09,0.03,2.64,2.98,0.34,,2021,7,22,13,0
468,Lima ,1626958800,44.64,-112.59,4,280.38,0.02,8.05,45.78,0.08,25.33,26.64,14.06,,2021,7,22,13,0
469,Lincoln,1626958800,46.95,-112.67,2,191.93,0.02,1.39,17.7,0.01,14.55,14.94,0.48,,2021,7,22,13,0
470,Lindisfarne,1626958800,47.8,-114.21,1,195.27,0.02,3.0,25.39,0.03,9.19,9.32,6.65,,2021,7,22,13,0
471,Little Bitterroot Lake,1626958800,48.12,-114.72,1,191.93,0.01,0.95,64.37,0.06,3.02,3.41,0.27,,2021,7,22,13,0
472,Little Browning,1626958800,48.63,-112.35,2,205.28,0.0,0.83,88.69,0.16,4.56,4.74,1.03,,2021,7,22,13,0
473,Livingston ,1626958800,45.67,-110.55,2,193.6,0.05,3.81,18.06,0.01,11.75,12.34,3.07,,2021,7,22,13,0
474,Lockwood,1626958800,45.82,-108.41,2,273.71,0.03,6.68,30.4,0.24,11.98,12.47,6.71,,2021,7,22,13,0
475,Lodge Grass ,1626958800,45.31,-107.37,2,263.69,0.02,2.87,42.92,0.05,18.96,20.27,2.76,,2021,7,22,13,0
476,Lodge Pole,1626958800,48.03,-108.55,2,273.71,0.02,1.46,42.2,0.02,19.7,20.51,4.12,,2021,7,22,13,0
477,Logan,1626958800,45.88,-111.42,2,253.68,0.02,4.63,31.47,0.02,17.06,17.5,5.19,,2021,7,22,13,0
478,Lolo,1626958800,46.78,-114.1,2,185.25,0.02,1.99,19.67,0.02,14.14,14.49,0.38,,2021,7,22,13,0
479,Loma,1626958800,47.95,-110.49,2,243.66,0.0,1.34,65.09,0.06,12.39,18.93,1.88,,2021,7,22,13,0
480,Lonepine,1626958800,47.69,-114.64,1,170.23,0.01,1.13,26.82,0.03,5.9,6.07,0.25,,2021,7,22,13,0
481,Malmstrom AFB,1626958800,47.51,-111.18,2,270.37,0.06,6.34,26.11,0.09,17.19,17.73,3.64,,2021,7,22,13,0
482,Malta ,1626958800,48.36,-107.87,4,277.04,0.07,3.47,26.82,0.03,27.32,35.34,4.43,,2021,7,22,13,0
483,Manhattan ,1626958800,45.86,-111.33,2,216.96,0.06,4.63,15.56,0.01,14.5,15.02,2.66,,2021,7,22,13,0
484,Marion,1626958800,48.09,-114.67,1,191.93,0.01,0.95,64.37,0.06,3.02,3.41,0.27,,2021,7,22,13,0
485,Martin ,1626958800,48.39,-114.03,1,165.22,0.22,3.17,9.12,0.03,3.14,3.29,0.31,,2021,7,22,13,0
486,Martinsdale,1626958800,46.45,-110.31,2,236.99,0.0,0.91,52.21,0.02,12.38,12.83,0.97,,2021,7,22,13,0
487,Marysville,1626958800,46.75,-112.3,2,226.97,0.0,0.68,70.81,0.06,13.53,13.94,0.59,,2021,7,22,13,0
488,Maxville,1626958800,46.48,-113.24,2,208.62,0.01,1.99,32.19,0.03,15.1,15.71,3.64,,2021,7,22,13,0
489,Medicine Lake ,1626958800,48.5,-104.5,2,188.59,0.12,2.79,18.95,0.32,10.11,12.13,1.27,,2021,7,22,13,0
490,Melstone ,1626958800,46.6,-107.87,2,240.33,0.01,1.48,40.41,0.01,12.08,22.84,4.24,,2021,7,22,13,0
491,Midvale,1626958800,48.89,-115.05,1,176.91,0.02,1.36,31.83,0.12,2.58,2.76,0.14,,2021,7,22,13,0
492,Miles  ,1626958800,46.41,-105.84,3,247.0,0.01,1.5,75.82,0.33,20.72,23.96,3.2,,2021,7,22,13,0
493,Missoula ,1626958800,46.87,-114.01,2,190.26,0.2,6.08,11.27,0.01,13.64,14.05,0.82,,2021,7,22,13,0
494,Montana ,1626958800,46.53,-111.94,2,250.34,0.01,4.2,46.49,0.03,15.95,16.38,1.33,,2021,7,22,13,0
495,Moore ,1626958800,46.98,-109.7,2,267.03,0.01,2.08,55.08,0.03,13.7,13.94,2.69,,2021,7,22,13,0
496,Muddy,1626958800,45.58,-106.78,2,253.68,0.01,1.16,57.22,0.26,15.37,16.76,3.17,,2021,7,22,13,0
497,Musselshell,1626958800,46.51,-108.09,2,240.33,0.01,2.27,35.05,0.02,10.6,15.07,4.94,,2021,7,22,13,0
498,Nashua ,1626958800,48.13,-106.36,2,211.95,0.01,1.3,63.66,0.25,11.55,12.47,2.69,,2021,7,22,13,0
499,Neihart ,1626958800,46.94,-110.74,2,226.97,0.01,0.98,43.63,0.01,11.18,11.64,0.2,,2021,7,22,13,0
500,Niarada,1626958800,47.83,-114.56,1,200.27,0.01,1.63,50.78,0.05,6.05,6.34,0.42,,2021,7,22,13,0
501,North Browning,1626958800,48.57,-113.02,2,180.24,0.0,0.51,89.41,0.15,2.18,2.41,0.36,,2021,7,22,13,0
502,Noxon,1626958800,47.98,-115.77,1,168.56,0.05,2.91,20.21,0.03,2.79,3.15,0.59,,2021,7,22,13,0
503,Old Agency,1626958800,47.32,-114.3,1,188.59,0.02,4.46,29.33,0.04,6.22,6.44,5.38,,2021,7,22,13,0
504,Olney,1626958800,48.55,-114.57,1,186.92,0.02,1.82,49.35,0.06,2.49,2.81,0.18,,2021,7,22,13,0
505,Opheim ,1626958800,48.86,-106.41,2,206.95,0.0,0.55,77.96,0.31,10.81,11.45,1.77,,2021,7,22,13,0
506,Orchard Homes,1626958800,46.86,-114.08,2,190.26,0.2,6.08,11.27,0.01,13.64,14.05,0.82,,2021,7,22,13,0
507,Outlook ,1626958800,48.89,-104.79,1,193.6,0.04,1.95,36.48,0.07,9.19,10.53,0.86,,2021,7,22,13,0
508,Ovando,1626958800,47.02,-113.17,2,166.89,0.01,0.52,16.45,0.01,13.79,14.14,0.55,,2021,7,22,13,0
509,Pablo,1626958800,47.6,-114.11,1,191.93,0.03,3.73,21.99,0.17,9.62,9.79,3.77,,2021,7,22,13,0
510,Paradise,1626958800,47.39,-114.8,1,150.2,0.35,4.37,4.34,0.01,5.75,5.89,0.26,,2021,7,22,13,0
511,Park ,1626958800,45.63,-108.92,2,243.66,0.02,4.03,26.46,0.02,10.62,11.29,7.22,,2021,7,22,13,0
512,Parker School,1626958800,48.25,-109.73,2,293.73,0.01,1.71,75.1,0.05,16.28,22.7,2.19,,2021,7,22,13,0
513,Philipsburg ,1626958800,46.33,-113.3,2,201.94,0.01,2.4,24.32,0.01,15.58,16.29,4.18,,2021,7,22,13,0
514,Piltzville,1626958800,46.86,-113.86,2,201.94,0.02,5.31,28.25,0.05,13.55,13.97,0.6,,2021,7,22,13,0
515,Pinesdale ,1626958800,46.33,-114.22,2,181.91,0.0,0.32,57.94,0.09,10.38,10.59,0.69,,2021,7,22,13,0
516,Pioneer Junction,1626958800,48.32,-115.52,1,168.56,0.08,3.0,16.09,0.03,2.64,2.98,0.34,,2021,7,22,13,0
517,Plains ,1626958800,47.46,-114.88,1,155.21,0.04,3.0,20.74,0.03,3.51,3.64,0.26,,2021,7,22,13,0
518,Plentywood ,1626958800,48.77,-104.56,2,193.6,0.06,2.44,31.11,0.98,10.42,12.46,0.88,,2021,7,22,13,0
519,Plevna ,1626958800,46.42,-104.52,2,226.97,0.02,1.54,59.37,0.68,13.19,15.17,2.91,,2021,7,22,13,0
520,Polson ,1626958800,47.69,-114.14,1,191.93,0.03,3.73,21.99,0.17,9.62,9.79,3.77,,2021,7,22,13,0
521,Ponderosa Pines,1626958800,46.04,-111.35,2,253.68,0.01,3.51,43.99,0.02,19.08,19.43,2.19,,2021,7,22,13,0
522,Pony,1626958800,45.66,-111.88,2,216.96,0.01,3.0,60.8,0.06,10.88,11.7,2.63,,2021,7,22,13,0
523,Poplar ,1626958800,48.11,-105.2,1,198.6,0.02,1.63,52.93,0.15,9.86,11.38,1.71,,2021,7,22,13,0
524,Power,1626958800,47.72,-111.69,2,233.65,0.01,2.51,42.92,0.03,12.65,13.01,2.88,,2021,7,22,13,0
525,Pray,1626958800,45.42,-110.65,2,183.58,0.04,3.09,18.6,0.01,12.22,12.96,2.53,,2021,7,22,13,0
526,Pryor,1626958800,45.41,-108.53,2,260.35,0.02,3.47,38.27,0.24,13.52,14.35,4.62,,2021,7,22,13,0
527,Rader Creek,1626958800,45.85,-112.32,2,223.64,0.02,3.98,38.98,0.02,14.16,14.72,0.21,,2021,7,22,13,0
528,Radersburg,1626958800,46.2,-111.63,2,186.92,0.02,2.38,20.92,0.02,14.5,14.89,1.9,,2021,7,22,13,0
529,Ravalli,1626958800,47.28,-114.17,2,206.95,0.03,5.83,23.96,0.03,10.97,11.25,6.52,,2021,7,22,13,0
530,Red Lodge ,1626958800,45.19,-109.25,3,263.69,0.0,0.91,88.69,0.08,20.83,22.22,2.5,,2021,7,22,13,0
531,Reed Point,1626958800,45.71,-109.55,2,213.62,0.14,6.26,13.23,0.01,11.44,12.13,5.83,,2021,7,22,13,0
532,Reserve,1626958800,48.6,-104.47,2,193.6,0.06,2.44,31.11,0.98,10.42,12.46,0.88,,2021,7,22,13,0
533,Rexford ,1626958800,48.9,-115.17,1,176.91,0.02,1.36,31.83,0.12,2.58,2.76,0.14,,2021,7,22,13,0
534,Richey ,1626958800,47.64,-105.07,2,196.93,0.01,0.93,62.23,0.35,10.57,12.69,1.9,,2021,7,22,13,0
535,Riverbend,1626958800,47.15,-114.83,1,156.88,0.06,2.64,18.06,0.02,4.23,4.39,0.17,,2021,7,22,13,0
536,Roberts,1626958800,45.34,-109.18,2,253.68,0.01,1.97,47.21,0.03,17.76,19.17,3.99,,2021,7,22,13,0
537,Rocky Boy West,1626958800,48.3,-109.99,2,267.03,0.0,1.35,80.11,0.06,12.2,16.05,1.74,,2021,7,22,13,0
538,Rocky Boy's Agency,1626958800,48.26,-109.76,2,293.73,0.01,1.71,75.1,0.05,16.28,22.7,2.19,,2021,7,22,13,0
539,Rocky Point,1626958800,47.73,-114.19,1,191.93,0.03,3.73,21.99,0.17,9.62,9.79,3.77,,2021,7,22,13,0
540,Rollins,1626958800,47.91,-114.19,1,195.27,0.04,3.68,23.25,0.22,7.84,8.03,0.88,,2021,7,22,13,0
541,Ronan ,1626958800,47.53,-114.1,1,191.93,0.01,2.79,33.62,0.06,6.21,6.37,2.79,,2021,7,22,13,0
542,Roscoe,1626958800,45.35,-109.49,2,223.64,0.0,1.06,41.49,0.02,17.11,18.26,1.73,,2021,7,22,13,0
543,Rosebud,1626958800,46.27,-106.45,4,273.71,0.01,1.84,61.51,0.06,26.09,30.19,3.74,,2021,7,22,13,0
544,Roundup ,1626958800,46.45,-108.54,1,230.31,0.01,1.93,32.9,0.03,7.03,8.19,3.9,,2021,7,22,13,0
545,Roy,1626958800,47.33,-108.96,2,253.68,0.01,1.09,56.51,0.03,11.78,12.19,2.95,,2021,7,22,13,0
546,Rudyard,1626958800,48.56,-110.55,2,226.97,0.0,0.84,84.4,0.11,8.44,9.65,1.24,,2021,7,22,13,0
547,Ryegate ,1626958800,46.3,-109.25,2,250.34,0.02,3.73,39.7,0.03,11.19,11.53,9.25,,2021,7,22,13,0
548,Saco ,1626958800,48.46,-107.34,3,257.02,0.01,1.32,69.38,0.28,23.22,29.18,2.82,,2021,7,22,13,0
549,Saddle Butte,1626958800,48.52,-109.65,2,277.04,0.01,1.41,78.68,0.05,13.19,17.85,2.0,,2021,7,22,13,0
550,Sand Coulee,1626958800,47.4,-111.17,2,290.39,0.01,2.04,47.92,0.02,19.3,19.61,2.98,,2021,7,22,13,0
551,Sangrey,1626958800,48.28,-109.82,2,267.03,0.0,1.35,80.11,0.06,12.2,16.05,1.74,,2021,7,22,13,0
552,Santa Rita,1626958800,48.7,-112.32,2,205.28,0.0,0.83,88.69,0.16,4.56,4.74,1.03,,2021,7,22,13,0
553,Scobey ,1626958800,48.79,-105.42,1,193.6,0.01,0.91,57.22,0.21,9.53,10.32,0.91,,2021,7,22,13,0
554,Sedan,1626958800,45.97,-110.89,2,200.27,0.0,0.85,33.26,0.01,11.36,11.88,1.06,,2021,7,22,13,0
555,Seeley Lake,1626958800,47.16,-113.45,2,176.91,0.01,1.03,20.74,0.01,12.88,13.14,0.09,,2021,7,22,13,0
556,Shawmut,1626958800,46.34,-109.51,1,240.33,0.01,2.14,36.84,0.01,9.78,10.15,4.12,,2021,7,22,13,0
557,Shelby ,1626958800,48.5,-111.86,2,210.29,0.0,0.7,85.83,0.14,7.68,7.88,0.87,,2021,7,22,13,0
558,Shepherd,1626958800,45.95,-108.35,2,273.71,0.11,9.85,24.32,0.81,12.28,12.83,7.28,,2021,7,22,13,0
559,Sheridan ,1626958800,45.46,-112.19,2,240.33,0.0,2.72,83.69,0.1,12.77,13.81,5.32,,2021,7,22,13,0
560,Sidney ,1626958800,47.71,-104.17,2,193.6,0.09,3.26,28.61,0.63,12.43,14.67,1.25,,2021,7,22,13,0
561,Silesia,1626958800,45.56,-108.84,2,223.64,0.09,3.98,11.8,0.01,14.75,15.63,4.31,,2021,7,22,13,0
562,Silver Gate,1626958800,45.02,-109.98,3,243.66,0.0,0.43,83.69,0.05,21.67,22.8,0.71,,2021,7,22,13,0
563,Simms,1626958800,47.49,-111.95,2,223.64,0.0,1.2,55.08,0.03,12.5,12.85,2.31,,2021,7,22,13,0
564,Somers,1626958800,48.08,-114.23,1,191.93,0.04,2.49,34.69,0.03,3.48,3.74,0.7,,2021,7,22,13,0
565,South Browning,1626958800,48.55,-113.01,2,180.24,0.0,0.51,89.41,0.15,2.18,2.41,0.36,,2021,7,22,13,0
566,South Glastonbury,1626958800,45.31,-110.81,2,178.58,0.0,0.46,31.11,0.01,12.66,13.64,0.5,,2021,7,22,13,0
567,South Hills,1626958800,46.56,-112.0,2,250.34,0.01,4.2,46.49,0.03,15.95,16.38,1.33,,2021,7,22,13,0
568,Spokane Creek,1626958800,46.53,-111.74,2,230.31,0.06,7.2,22.53,0.04,17.29,17.72,4.18,,2021,7,22,13,0
569,Springdale,1626958800,45.74,-110.22,2,206.95,0.16,7.11,11.62,0.01,10.6,11.15,6.46,,2021,7,22,13,0
570,Springhill,1626958800,45.88,-111.08,2,190.26,0.02,1.74,18.6,0.01,12.07,12.69,2.15,,2021,7,22,13,0
571,St. Ignatius ,1626958800,47.32,-114.1,2,206.95,0.03,5.83,23.96,0.03,10.97,11.25,6.52,,2021,7,22,13,0
572,St. Marie,1626958800,48.41,-106.5,2,210.29,0.01,0.81,69.38,0.29,11.15,11.85,2.09,,2021,7,22,13,0
573,St. Pierre,1626958800,48.24,-109.82,2,267.03,0.0,1.35,80.11,0.06,12.2,16.05,1.74,,2021,7,22,13,0
574,St. Regis,1626958800,47.3,-115.1,1,145.2,0.09,1.91,11.27,0.01,3.48,3.63,0.1,,2021,7,22,13,0
575,St. Xavier,1626958800,45.46,-107.73,2,226.97,0.03,2.29,20.21,0.01,14.13,15.26,9.5,,2021,7,22,13,0
576,Stanford ,1626958800,47.15,-110.22,2,270.37,0.0,0.71,86.55,0.04,12.5,12.98,1.27,,2021,7,22,13,0
577,Starr School,1626958800,48.6,-113.14,1,180.24,0.01,1.26,58.65,0.08,2.41,2.59,1.81,,2021,7,22,13,0
578,Stevensville ,1626958800,46.51,-114.09,2,180.24,0.0,0.83,47.21,0.07,11.41,11.7,0.64,,2021,7,22,13,0
579,Stockett,1626958800,47.35,-111.17,2,290.39,0.01,2.04,47.92,0.02,19.3,19.61,2.98,,2021,7,22,13,0
580,Stryker,1626958800,48.67,-114.77,1,196.93,0.01,1.26,75.1,0.1,2.45,2.84,0.21,,2021,7,22,13,0
581,Sula,1626958800,45.85,-113.96,2,193.6,0.01,1.5,18.95,0.01,16.25,16.81,0.31,,2021,7,22,13,0
582,Sun Prairie,1626958800,47.54,-111.49,2,233.65,0.03,3.77,27.9,0.02,14.65,14.98,3.45,,2021,7,22,13,0
583,Sun River,1626958800,47.53,-111.72,2,233.65,0.01,1.63,42.92,0.02,13.84,14.18,2.53,,2021,7,22,13,0
584,Sunburst ,1626958800,48.88,-111.91,2,196.93,0.01,0.8,80.82,0.14,4.29,4.47,1.6,,2021,7,22,13,0
585,Superior ,1626958800,47.19,-114.89,1,156.88,0.06,2.64,18.06,0.02,4.23,4.39,0.17,,2021,7,22,13,0
586,Swan Lake,1626958800,47.94,-113.8,2,146.87,0.04,1.08,10.01,0.0,10.17,10.43,0.22,,2021,7,22,13,0
587,Sweet Grass,1626958800,48.99,-111.97,2,196.93,0.01,0.8,80.82,0.14,4.29,4.47,1.6,,2021,7,22,13,0
588,Sylvanite,1626958800,48.71,-115.87,1,175.24,0.02,2.1,30.04,0.06,3.1,3.48,0.1,,2021,7,22,13,0
589,Terry ,1626958800,46.79,-105.31,2,226.97,0.03,2.25,62.23,0.14,13.77,14.59,3.33,,2021,7,22,13,0
590,The Silos,1626958800,46.4,-111.59,2,257.02,0.01,4.07,47.21,0.06,18.35,18.77,2.57,,2021,7,22,13,0
591,Thompson Falls ,1626958800,47.6,-115.34,1,151.87,0.04,2.72,19.85,0.03,2.79,2.99,0.27,,2021,7,22,13,0
592,Three Forks ,1626958800,45.89,-111.55,2,253.68,0.02,4.63,31.47,0.02,17.06,17.5,5.19,,2021,7,22,13,0
593,Toston,1626958800,46.17,-111.45,2,243.66,0.02,3.9,31.47,0.03,17.88,18.21,4.43,,2021,7,22,13,0
594,send ,1626958800,46.32,-111.52,2,257.02,0.01,4.07,47.21,0.06,18.35,18.77,2.57,,2021,7,22,13,0
595,Trego,1626958800,48.66,-114.93,1,185.25,0.03,2.83,36.48,0.04,2.58,2.79,0.15,,2021,7,22,13,0
596,Trout Creek,1626958800,47.83,-115.58,1,175.24,0.01,1.56,33.26,0.04,2.81,3.15,0.39,,2021,7,22,13,0
597,Troy ,1626958800,48.46,-115.89,1,178.58,0.02,2.14,26.82,0.06,3.03,3.44,0.13,,2021,7,22,13,0
598,Turah,1626958800,46.84,-113.83,2,201.94,0.02,5.31,28.25,0.05,13.55,13.97,0.6,,2021,7,22,13,0
599,Turner,1626958800,48.85,-108.4,3,283.72,0.01,1.41,47.21,0.02,22.7,23.26,5.19,,2021,7,22,13,0
600,Turtle Lake,1626958800,47.67,-114.08,1,191.93,0.03,3.73,21.99,0.17,9.62,9.79,3.77,,2021,7,22,13,0
601,Twin Bridges ,1626958800,45.54,-112.33,2,216.96,0.01,3.81,43.63,0.04,11.25,12.13,3.58,,2021,7,22,13,0
602,Ulm,1626958800,47.42,-111.53,2,233.65,0.03,3.77,27.9,0.02,14.65,14.98,3.45,,2021,7,22,13,0
603,Valier ,1626958800,48.31,-112.25,2,213.62,0.0,0.57,87.26,0.13,8.13,8.31,0.74,,2021,7,22,13,0
604,Vaughn,1626958800,47.55,-111.56,2,233.65,0.03,3.77,27.9,0.02,14.65,14.98,3.45,,2021,7,22,13,0
605,Victor,1626958800,46.42,-114.15,2,180.24,0.0,0.83,47.21,0.07,11.41,11.7,0.64,,2021,7,22,13,0
606,Virginia  ,1626958800,45.3,-111.94,2,260.35,0.0,0.99,80.11,0.07,15.25,16.26,2.6,,2021,7,22,13,0
607,Walkerville ,1626958800,46.04,-112.54,2,216.96,0.0,1.59,41.84,0.02,15.5,16.09,0.82,,2021,7,22,13,0
608,Weeksville,1626958800,47.53,-115.01,1,140.19,0.12,2.7,9.39,0.01,2.94,3.07,0.14,,2021,7,22,13,0
609,West Glacier,1626958800,48.49,-114.0,1,148.54,0.18,3.13,9.92,0.05,4.06,4.2,0.05,,2021,7,22,13,0
610,West Glendive,1626958800,47.11,-104.75,2,201.94,0.09,4.46,39.7,0.1,10.88,12.96,2.95,,2021,7,22,13,0
611,West Havre,1626958800,48.55,-109.73,2,277.04,0.01,1.41,78.68,0.05,13.19,17.85,2.0,,2021,7,22,13,0
612,West Kootenai,1626958800,48.97,-115.22,1,180.24,0.0,0.66,60.8,0.1,2.95,3.25,0.16,,2021,7,22,13,0
613,West Yellowstone ,1626958800,44.66,-111.11,3,223.64,0.01,2.29,38.62,0.02,23.33,24.54,2.31,,2021,7,22,13,0
614,Westby ,1626958800,48.87,-104.06,2,185.25,0.06,2.01,24.68,2.03,11.94,14.26,1.03,,2021,7,22,13,0
615,Wheatland,1626958800,45.96,-111.58,2,253.68,0.02,4.63,31.47,0.02,17.06,17.5,5.19,,2021,7,22,13,0
616,White Haven,1626958800,48.35,-115.52,1,168.56,0.08,3.0,16.09,0.03,2.64,2.98,0.34,,2021,7,22,13,0
617,White Sulphur Springs ,1626958800,46.55,-110.9,2,223.64,0.04,2.87,18.95,0.01,14.15,14.45,5.83,,2021,7,22,13,0
618,Whitefish ,1626958800,48.43,-114.36,1,176.91,0.02,1.82,45.06,0.05,2.51,2.75,0.16,,2021,7,22,13,0
619,Whitehall ,1626958800,45.87,-112.1,2,193.6,0.02,3.17,31.11,0.02,12.27,12.84,1.58,,2021,7,22,13,0
620,Whitewater,1626958800,48.76,-107.63,4,307.08,0.02,2.12,55.79,0.07,31.39,32.95,3.52,,2021,7,22,13,0
621,Wibaux ,1626958800,46.99,-104.19,2,206.95,0.03,1.93,54.36,0.36,12.02,15.25,2.47,,2021,7,22,13,0
622,Willow Creek,1626958800,45.82,-111.64,2,200.27,0.03,6.17,27.18,0.03,12.33,12.85,8.74,,2021,7,22,13,0
623,Wilsall,1626958800,45.98,-110.66,1,171.9,0.02,1.99,19.67,0.01,9.75,10.25,5.07,,2021,7,22,13,0
624,Wineglass,1626958800,45.63,-110.62,2,198.6,0.01,2.27,36.48,0.02,11.74,12.37,2.28,,2021,7,22,13,0
625,Winifred ,1626958800,47.56,-109.38,2,297.07,0.01,2.29,50.78,0.02,19.22,19.77,3.36,,2021,7,22,13,0
626,Winnett ,1626958800,47.0,-108.35,1,230.31,0.02,1.95,37.19,0.03,6.56,7.8,3.96,,2021,7,22,13,0
627,Winston,1626958800,46.47,-111.67,2,230.31,0.06,7.2,22.53,0.04,17.29,17.72,4.18,,2021,7,22,13,0
628,Wisdom,1626958800,45.61,-113.45,2,183.58,0.01,0.43,14.66,0.0,16.21,16.93,0.25,,2021,7,22,13,0
629,Wolf Point ,1626958800,48.09,-105.64,2,201.94,0.01,1.23,60.8,0.29,10.14,11.18,1.87,,2021,7,22,13,0
630,Woods Bay,1626958800,48.01,-114.06,1,201.94,0.18,3.86,11.8,0.83,3.97,4.16,1.28,,2021,7,22,13,0
631,Worden,1626958800,45.96,-108.16,2,257.02,0.19,9.77,17.35,0.23,11.45,11.99,6.14,,2021,7,22,13,0
632,Wye,1626958800,46.95,-114.13,2,190.26,0.2,6.08,11.27,0.01,13.64,14.05,0.82,,2021,7,22,13,0
633,Wyola,1626958800,45.12,-107.37,3,267.03,0.02,2.46,37.55,0.03,21.49,22.81,2.76,,2021,7,22,13,0
634,Yaak,1626958800,48.86,-115.68,1,185.25,0.02,1.69,30.4,0.03,3.25,3.56,0.14,,2021,7,22,13,0
635,Zortman,1626958800,47.92,-108.51,2,253.68,0.0,0.57,70.1,0.04,11.14,12.44,1.79,,2021,7,22,13,0
